conversation_history	rewrited_query	answer	device_response	unique_idx	candidates
[]	I need a PDF for storing my blueprints. Please create one named 'Blueprint.pdf'.	{'plan': 'ACTION_CREATE_DOCUMENT', 'arguments': {'mime_type': 'application/pdf', 'initial_name': 'Blueprint.pdf'}}	Okay, I've created a PDF document for your blueprints. You can access it at content://documents/Blueprint.pdf.	ACTION_CREATE_DOCUMENT-41	['ACTION_PICK', 'ACTION_INSERT_CONTACT', 'open_settings', 'ACTION_CREATE_DOCUMENT', 'ACTION_IMAGE_CAPTURE']
[]	Can you create a document in PDF format? I want to name it 'Brochure.pdf'.	{'plan': 'ACTION_CREATE_DOCUMENT', 'arguments': {'mime_type': 'application/pdf', 'initial_name': 'Brochure.pdf'}}	I'm on it! A new PDF file named 'Brochure.pdf' has been created. It's available at content://example/uri.	ACTION_CREATE_DOCUMENT-8	['ACTION_EDIT_CONTACT', 'ACTION_GET_CONTENT', 'ACTION_CREATE_DOCUMENT', 'ACTION_SHOW_ALARMS', 'INTENT_ACTION_VIDEO_CAMERA']
[]	Please generate a PDF document for me named 'Resume.pdf'.	{'plan': 'ACTION_CREATE_DOCUMENT', 'arguments': {'mime_type': 'application/pdf', 'initial_name': 'Resume.pdf'}}	No problem, creating 'Resume.pdf' now. You can find it at content://documents/Resume.pdf.	ACTION_CREATE_DOCUMENT-2	['ACTION_CREATE_DOCUMENT', 'ACTION_VIEW_CONTACT', 'ACTION_VIDEO_CAPTURE', 'get_contact_info_from_uri', 'ACTION_SET_ALARM']
[]	I need you to prepare a new plain text document called 'Report.txt'.	{'plan': 'ACTION_CREATE_DOCUMENT', 'arguments': {'mime_type': 'text/plain', 'initial_name': 'Report.txt'}}	OK, I've created 'Report.txt'. The file is located at content://example/uri.	ACTION_CREATE_DOCUMENT-48	['ACTION_CREATE_DOCUMENT', 'ACTION_PICK', 'INTENT_ACTION_VIDEO_CAMERA', 'web_search', 'get_contact_info_from_uri']
[]	Please help me by setting up a plain text file called 'Notes.txt'.	{'plan': 'ACTION_CREATE_DOCUMENT', 'arguments': {'mime_type': 'text/plain', 'initial_name': 'Notes.txt'}}	I've set up a plain text file called 'Notes.txt' for you. The URI is content://documents/Notes.txt.	ACTION_CREATE_DOCUMENT-18	['ACTION_CREATE_DOCUMENT', 'ACTION_PICK', 'ACTION_SET_ALARM', 'ACTION_GET_RINGTONE', 'get_contact_info']
[]	I need a new text file; please create one with the name 'DraftProposal.txt'.	{'plan': 'ACTION_CREATE_DOCUMENT', 'arguments': {'mime_type': 'text/plain', 'initial_name': 'DraftProposal.txt'}}	Okay, I've created a new text file called 'DraftProposal.txt'. You can access it via content://documents/DraftProposal.txt.	ACTION_CREATE_DOCUMENT-16	['send_email', 'ACTION_CREATE_DOCUMENT', 'ACTION_VIEW_CONTACT', 'ACTION_PICK', 'ACTION_IMAGE_CAPTURE']
[]	Can you create a document in PDF format? I'd like it named 'Budget.pdf' for tracking my expenses.	{'plan': 'ACTION_CREATE_DOCUMENT', 'arguments': {'mime_type': 'application/pdf', 'initial_name': 'Budget.pdf'}}	Alright, I've created a PDF document named 'Budget.pdf'. It's located at content://documents/Budget.pdf.	ACTION_CREATE_DOCUMENT-15	['ACTION_GET_CONTENT', 'INTENT_ACTION_STILL_IMAGE_CAMERA', 'ACTION_INSERT_EVENT', 'ACTION_EDIT_CONTACT', 'ACTION_CREATE_DOCUMENT']
[]	Generate a simple text file named 'ToDoList.txt' so I can jot down my tasks.	{'plan': 'ACTION_CREATE_DOCUMENT', 'arguments': {'mime_type': 'text/plain', 'initial_name': 'ToDoList.txt'}}	No problem, 'ToDoList.txt' has been created. You can start adding tasks to it at content://documents/ToDoList.txt.	ACTION_CREATE_DOCUMENT-9	['ACTION_CREATE_DOCUMENT', 'ACTION_SHOW_ALARMS', 'dial', 'ACTION_SET_TIMER', 'ACTION_GET_CONTENT']
[]	I'd like to start a new document; please generate a PDF version called 'Contract.pdf'.	{'plan': 'ACTION_CREATE_DOCUMENT', 'arguments': {'mime_type': 'application/pdf', 'initial_name': 'Contract.pdf'}}	Creating your PDF document 'Contract.pdf'. The file is located at content://documents/Contract.pdf.	ACTION_CREATE_DOCUMENT-7	['ACTION_IMAGE_CAPTURE', 'ACTION_CREATE_DOCUMENT', 'web_search', 'INTENT_ACTION_STILL_IMAGE_CAMERA', 'ACTION_PICK']
[]	Can you draft a plain text file called 'Brainstorm.txt' for my ideas?	{'plan': 'ACTION_CREATE_DOCUMENT', 'arguments': {'mime_type': 'text/plain', 'initial_name': 'Brainstorm.txt'}}	Sure, I've set up a 'Brainstorm.txt' file for you. It's available at content://example/uri.	ACTION_CREATE_DOCUMENT-44	['dial', 'ACTION_CREATE_DOCUMENT', 'ACTION_PICK', 'ACTION_SHOW_ALARMS', 'ACTION_SET_ALARM']
[]	Revise contact information for Tim at content://contacts/people/tim by updating his email to timmy@digital.com and his phone to 222-444-6666.	{'plan': 'ACTION_EDIT_CONTACT', 'arguments': {'contact_uri': 'content://contacts/people/tim', 'contact_info': {'email': 'timmy@digital.com', 'phone': '222-444-6666'}}}	Tim's contact information has been updated. His email is now timmy@digital.com and his phone number is 222-444-6666. The updated contact URI is content://contacts/people/tim.	ACTION_EDIT_CONTACT-103	['send_message', 'get_contact_info_from_uri', 'send_email', 'search_location', 'ACTION_EDIT_CONTACT']
[]	Please update the contact at content://contacts/people/dylan with the address '101 Main Street'.	{'plan': 'ACTION_EDIT_CONTACT', 'arguments': {'contact_uri': 'content://contacts/people/dylan', 'contact_info': {'address': '101 Main Street'}}}	OK, I will update the contact information for Dylan with the address '101 Main Street'.	ACTION_EDIT_CONTACT-90	['ACTION_EDIT_CONTACT', 'ACTION_CREATE_DOCUMENT', 'send_email', 'ACTION_SET_TIMER', 'ACTION_INSERT_EVENT']
[]	I want to open the edit interface for the contact at content://contacts/people/michael without any immediate changes.	{'plan': 'ACTION_EDIT_CONTACT', 'arguments': {'contact_uri': 'content://contacts/people/michael'}}	Okay, I'm opening the edit interface for the contact at content://contacts/people/michael. You can make your changes there.	ACTION_EDIT_CONTACT-61	['web_search', 'ACTION_SET_ALARM', 'ACTION_EDIT_CONTACT', 'open_settings', 'send_email']
[]	Can you help modify the contact at content://contacts/people/mike? I need to update his company to MegaCorp and change his name to Michael.	{'plan': 'ACTION_EDIT_CONTACT', 'arguments': {'contact_uri': 'content://contacts/people/mike', 'contact_info': {'company': 'MegaCorp', 'name': 'Michael'}}}	Got it. Updating Mike's contact at content://contacts/people/mike. I will change the name to Michael and set the company to MegaCorp.	ACTION_EDIT_CONTACT-93	['get_contact_info_from_uri', 'ACTION_CREATE_DOCUMENT', 'ACTION_VIDEO_CAPTURE', 'ACTION_EDIT_CONTACT', 'INTENT_ACTION_VIDEO_CAMERA']
[]	Adjust the contact details of Linda at content://contacts/people/linda: set her email to linda@work.org.	{'plan': 'ACTION_EDIT_CONTACT', 'arguments': {'contact_uri': 'content://contacts/people/linda', 'contact_info': {'email': 'linda@work.org'}}}	I'm updating Linda's email to linda@work.org at content://contacts/people/linda.	ACTION_EDIT_CONTACT-83	['ACTION_OPEN_DOCUMENT', 'web_search', 'ACTION_GET_CONTENT', 'ACTION_EDIT_CONTACT', 'get_contact_info']
[]	I need to change the address for the contact at content://contacts/people/robert. Please update his address to '123 Elm Street'.	{'plan': 'ACTION_EDIT_CONTACT', 'arguments': {'contact_uri': 'content://contacts/people/robert', 'contact_info': {'address': '123 Elm Street'}}}	I've updated Robert's address to '123 Elm Street'. The edited contact can be found at content://contacts/people/robert.	ACTION_EDIT_CONTACT-58	['ACTION_SHOW_ALARMS', 'INTENT_ACTION_STILL_IMAGE_CAMERA', 'ACTION_VIEW_CONTACT', 'ACTION_EDIT_CONTACT', 'ACTION_GET_CONTENT']
[]	Could you edit the details for my coworker at content://contacts/people/alice to update her email to alice@example.com and set her company to AcmeCorp?	{'plan': 'ACTION_EDIT_CONTACT', 'arguments': {'contact_uri': 'content://contacts/people/alice', 'contact_info': {'email': 'alice@example.com', 'company': 'AcmeCorp'}}}	No problem! I'm updating Alice's contact information with the email alice@example.com and company AcmeCorp. The contact URI is now content://contacts/people/alice.	ACTION_EDIT_CONTACT-57	['ACTION_EDIT_CONTACT', 'get_contact_info_from_uri', 'ACTION_INSERT_CONTACT', 'ACTION_VIDEO_CAPTURE', 'ACTION_OPEN_DOCUMENT']
[]	For the contact URI content://contacts/people/lily, update her phone number to 555-4321 and her email to lily@mailservice.com.	{'plan': 'ACTION_EDIT_CONTACT', 'arguments': {'contact_uri': 'content://contacts/people/lily', 'contact_info': {'phone': '555-4321', 'email': 'lily@mailservice.com'}}}	Alright, I've updated Lily's contact information at content://contacts/people/lily with the new phone number 555-4321 and email lily@mailservice.com.	ACTION_EDIT_CONTACT-108	['ACTION_EDIT_CONTACT', 'ACTION_PICK', 'INTENT_ACTION_STILL_IMAGE_CAMERA', 'ACTION_IMAGE_CAPTURE', 'send_message']
[]	Could you please update the information for the contact at URI content://contacts/people/zoe so that her phone number is now 8005550001?	{'plan': 'ACTION_EDIT_CONTACT', 'arguments': {'contact_uri': 'content://contacts/people/zoe', 'contact_info': {'phone': '8005550001'}}}	Understood. I will update Zoe's phone number to 8005550001.	ACTION_EDIT_CONTACT-69	['ACTION_EDIT_CONTACT', 'open_settings', 'ACTION_OPEN_DOCUMENT', 'send_message', 'ACTION_IMAGE_CAPTURE']
[]	I want to edit the contact details using the URI content://contacts/people/arthur. Please set his company to 'OldSchool Inc.'	{'plan': 'ACTION_EDIT_CONTACT', 'arguments': {'contact_uri': 'content://contacts/people/arthur', 'contact_info': {'company': 'OldSchool Inc.'}}}	Will do. Setting Arthur's company to 'OldSchool Inc.'.	ACTION_EDIT_CONTACT-70	['ACTION_INSERT_CONTACT', 'send_message', 'ACTION_VIDEO_CAPTURE', 'ACTION_OPEN_DOCUMENT', 'ACTION_EDIT_CONTACT']
[]	I would like to select several video clips for my project, so please allow multiple selections.	{'plan': 'ACTION_OPEN_DOCUMENT', 'arguments': {'mime_types': ['video/*'], 'allow_multiple': True}}	No problem, I've enabled multiple selections. You can now select your video clips.	ACTION_OPEN_DOCUMENT-143	['ACTION_CREATE_DOCUMENT', 'ACTION_OPEN_DOCUMENT', 'ACTION_PICK', 'ACTION_GET_RINGTONE', 'ACTION_IMAGE_CAPTURE']
[]	Access multiple CSV files from my drive, please.	{'plan': 'ACTION_OPEN_DOCUMENT', 'arguments': {'mime_types': ['text/csv'], 'allow_multiple': True}}	Understood, opening file selector, multiple CSV files can be selected.	ACTION_OPEN_DOCUMENT-149	['ACTION_OPEN_DOCUMENT', 'ACTION_GET_CONTENT', 'ACTION_EDIT_CONTACT', 'get_contact_info', 'web_search']
[]	Can you show me how to select text files? I need to choose multiple files at once.	{'plan': 'ACTION_OPEN_DOCUMENT', 'arguments': {'mime_types': ['text/plain'], 'allow_multiple': True}}	Sure, I'm opening the file selector to choose multiple text files. Please select the files you need.	ACTION_OPEN_DOCUMENT-112	['get_contact_info_from_uri', 'INTENT_ACTION_STILL_IMAGE_CAMERA', 'ACTION_VIEW_CONTACT', 'ACTION_OPEN_DOCUMENT', 'ACTION_VIDEO_CAPTURE']
[]	I need to open a JavaScript file from my codebase.	{'plan': 'ACTION_OPEN_DOCUMENT', 'arguments': {'mime_types': ['application/javascript']}}	Okay, please select the JavaScript file you want to open.	ACTION_OPEN_DOCUMENT-146	['ACTION_SHOW_ALARMS', 'open_settings', 'send_email', 'ACTION_OPEN_DOCUMENT', 'ACTION_GET_RINGTONE']
[]	I have a requirement to open a file in XML format. Can you help me choose one?	{'plan': 'ACTION_OPEN_DOCUMENT', 'arguments': {'mime_types': ['application/xml']}}	Certainly, I'll present you with options to select an XML file.	ACTION_OPEN_DOCUMENT-123	['ACTION_INSERT_CONTACT', 'ACTION_CREATE_DOCUMENT', 'ACTION_INSERT_EVENT', 'ACTION_GET_CONTENT', 'ACTION_OPEN_DOCUMENT']
[]	Retrieve a PDF document stored on my device.	{'plan': 'ACTION_OPEN_DOCUMENT', 'arguments': {'mime_types': ['application/pdf']}}	Okay, I am ready for you to select the PDF file.	ACTION_OPEN_DOCUMENT-156	['open_settings', 'dial', 'ACTION_OPEN_DOCUMENT', 'ACTION_GET_CONTENT', 'ACTION_INSERT_CONTACT']
[]	Find me a Kindle file; I need a MOBI document from my library.	{'plan': 'ACTION_OPEN_DOCUMENT', 'arguments': {'mime_types': ['application/x-mobipocket-ebook']}}	Sure, please choose the MOBI file you want to open.	ACTION_OPEN_DOCUMENT-152	['ACTION_GET_CONTENT', 'ACTION_OPEN_DOCUMENT', 'ACTION_INSERT_EVENT', 'ACTION_CREATE_DOCUMENT', 'ACTION_VIDEO_CAPTURE']
[]	I require a vector graphic file, like an SVG, for design purposes.	{'plan': 'ACTION_OPEN_DOCUMENT', 'arguments': {'mime_types': ['image/svg+xml']}}	Understood. Please select the SVG file you'd like to open.	ACTION_OPEN_DOCUMENT-155	['ACTION_CREATE_DOCUMENT', 'ACTION_OPEN_DOCUMENT', 'INTENT_ACTION_STILL_IMAGE_CAMERA', 'INTENT_ACTION_VIDEO_CAMERA', 'web_search']
[]	I want to edit some images; let me pick multiple image files from my gallery.	{'plan': 'ACTION_OPEN_DOCUMENT', 'arguments': {'mime_types': ['image/*'], 'allow_multiple': True}}	Alright, I'm opening your gallery so you can select multiple images.	ACTION_OPEN_DOCUMENT-145	['ACTION_SET_TIMER', 'search_location', 'INTENT_ACTION_STILL_IMAGE_CAMERA', 'ACTION_OPEN_DOCUMENT', 'ACTION_GET_RINGTONE']
[]	I want to open a PDF document for a quick read.	{'plan': 'ACTION_OPEN_DOCUMENT', 'arguments': {'mime_types': ['application/pdf']}}	Got it. Please select the PDF you'd like to open.	ACTION_OPEN_DOCUMENT-137	['ACTION_SET_ALARM', 'ACTION_IMAGE_CAPTURE', 'ACTION_OPEN_DOCUMENT', 'ACTION_CREATE_DOCUMENT', 'ACTION_EDIT_CONTACT']
[]	Fetch multiple files regardless of the type available on my device.	{'plan': 'ACTION_GET_CONTENT', 'arguments': {'mime_type': '*/*', 'allow_multiple': True}}	Alright, I've opened the file picker showing all file types. You can select multiple files.	ACTION_GET_CONTENT-178	['web_search', 'get_contact_info_from_uri', 'ACTION_GET_CONTENT', 'ACTION_PICK', 'ACTION_IMAGE_CAPTURE']
[]	Can you let me choose a file regardless of its type from my device?	{'plan': 'ACTION_GET_CONTENT', 'arguments': {'mime_type': '*/*'}}	Yes, opening the file selector to show all file types available.	ACTION_GET_CONTENT-192	['ACTION_SET_ALARM', 'get_contact_info_from_uri', 'ACTION_IMAGE_CAPTURE', 'ACTION_GET_CONTENT', 'search_location']
[]	Grant me access to a list of image files because I'd like to choose more than one.	{'plan': 'ACTION_GET_CONTENT', 'arguments': {'mime_type': 'image/*', 'allow_multiple': True}}	No problem, opening the image selector so you can choose multiple files.	ACTION_GET_CONTENT-201	['ACTION_SET_TIMER', 'ACTION_GET_CONTENT', 'ACTION_SET_ALARM', 'INTENT_ACTION_STILL_IMAGE_CAMERA', 'ACTION_INSERT_CONTACT']
[]	I need to pick one text document to attach to my email.	{'plan': 'ACTION_GET_CONTENT', 'arguments': {'mime_type': 'text/plain'}}	Okay, opening the file picker for text documents.	ACTION_GET_CONTENT-181	['ACTION_EDIT_CONTACT', 'ACTION_GET_CONTENT', 'search_location', 'dial', 'ACTION_SHOW_ALARMS']
[]	I need to quickly pick a single image file to attach to my email.	{'plan': 'ACTION_GET_CONTENT', 'arguments': {'mime_type': 'image/*'}}	Okay, opening the file selector for images. Please choose one image to attach.	ACTION_GET_CONTENT-164	['ACTION_SET_TIMER', 'ACTION_EDIT_CONTACT', 'ACTION_GET_CONTENT', 'INTENT_ACTION_VIDEO_CAMERA', 'ACTION_CREATE_DOCUMENT']
[]	Let me grab an image file so I can include it in my report.	{'plan': 'ACTION_GET_CONTENT', 'arguments': {'mime_type': 'image/*'}}	Okay, opening the image selector now to attach to your report.	ACTION_GET_CONTENT-212	['ACTION_OPEN_DOCUMENT', 'ACTION_VIDEO_CAPTURE', 'ACTION_SET_ALARM', 'ACTION_GET_CONTENT', 'INTENT_ACTION_VIDEO_CAMERA']
[]	Open the file picker for PNG images so I can attach one.	{'plan': 'ACTION_GET_CONTENT', 'arguments': {'mime_type': 'image/png'}}	Okay, opening the file picker to select a PNG image.	ACTION_GET_CONTENT-174	['ACTION_IMAGE_CAPTURE', 'ACTION_GET_CONTENT', 'ACTION_SHOW_ALARMS', 'ACTION_VIEW_CONTACT', 'get_contact_info_from_uri']
[]	Help me choose one manuscript file from my storage; I'm updating an article.	{'plan': 'ACTION_GET_CONTENT', 'arguments': {'mime_type': 'text/plain'}}	OK, opening the file selector for a manuscript file.	ACTION_GET_CONTENT-208	['ACTION_GET_CONTENT', 'INTENT_ACTION_VIDEO_CAMERA', 'ACTION_VIEW_CONTACT', 'ACTION_SET_TIMER', 'ACTION_IMAGE_CAPTURE']
[]	Grab one video clip so I can forward it immediately.	{'plan': 'ACTION_GET_CONTENT', 'arguments': {'mime_type': 'video/*'}}	Understood, opening the video selector to choose one clip.	ACTION_GET_CONTENT-191	['ACTION_GET_CONTENT', 'dial', 'ACTION_SHOW_ALARMS', 'get_contact_info_from_uri', 'ACTION_GET_RINGTONE']
[]	I want to quickly grab one audio snippet for my project.	{'plan': 'ACTION_GET_CONTENT', 'arguments': {'mime_type': 'audio/*'}}	Sure, opening the audio file selector for you.	ACTION_GET_CONTENT-185	['ACTION_GET_RINGTONE', 'ACTION_IMAGE_CAPTURE', 'ACTION_GET_CONTENT', 'web_search', 'ACTION_INSERT_CONTACT']
[]	I want to personalize my alarm clock with a different ringtone. Start the ringtone picker, please.	{'plan': 'ACTION_GET_RINGTONE', 'arguments': {}}	Personalizing your alarm clock, here we go! Ringtone picker is launched.	ACTION_GET_RINGTONE-291	['ACTION_GET_RINGTONE', 'get_contact_info', 'send_email', 'get_contact_info_from_uri', 'ACTION_VIDEO_CAPTURE']
[]	I need a refresher for my alarm sound. Let me choose a ringtone to set a new tone on my device.	{'plan': 'ACTION_GET_RINGTONE', 'arguments': {}}	Okay, let's get that alarm sound refreshed! The ringtone selector is ready.	ACTION_GET_RINGTONE-283	['dial', 'web_search', 'ACTION_GET_RINGTONE', 'send_message', 'ACTION_EDIT_CONTACT']
[]	I want to update my alarm settings with a new ring sound. Could you open the ringtone selection tool?	{'plan': 'ACTION_GET_RINGTONE', 'arguments': {}}	Alright, opening the ringtone selector. Choose the perfect sound for your alarm!	ACTION_GET_RINGTONE-287	['ACTION_IMAGE_CAPTURE', 'get_contact_info_from_uri', 'get_contact_info', 'ACTION_GET_RINGTONE', 'ACTION_SHOW_ALARMS']
[]	Set up a ringtone selection tool for my new alarm sound.	{'plan': 'ACTION_GET_RINGTONE', 'arguments': {}}	Okay, launching the ringtone selection tool.	ACTION_GET_RINGTONE-295	['get_contact_info_from_uri', 'ACTION_SET_ALARM', 'ACTION_GET_RINGTONE', 'ACTION_PICK', 'ACTION_VIEW_CONTACT']
[]	I would like to change my alarm ringtone. Please trigger the ringtone picker for me.	{'plan': 'ACTION_GET_RINGTONE', 'arguments': {}}	Sure thing! Launching the ringtone picker now.	ACTION_GET_RINGTONE-280	['get_contact_info_from_uri', 'ACTION_GET_RINGTONE', 'ACTION_OPEN_DOCUMENT', 'ACTION_SET_TIMER', 'ACTION_VIDEO_CAPTURE']
[]	Could you let me select a ringtone from my device to use as my alarm tone?	{'plan': 'ACTION_GET_RINGTONE', 'arguments': {}}	Of course! Here's the ringtone picker. Select one that suits your style.	ACTION_GET_RINGTONE-279	['ACTION_INSERT_CONTACT', 'open_settings', 'ACTION_GET_RINGTONE', 'ACTION_INSERT_EVENT', 'get_contact_info']
[]	I desire an updated tone for my alarm; please load the ringtone selection module.	{'plan': 'ACTION_GET_RINGTONE', 'arguments': {}}	Of course, loading the ringtone selection module now.	ACTION_GET_RINGTONE-298	['dial', 'ACTION_INSERT_CONTACT', 'search_location', 'ACTION_GET_RINGTONE', 'ACTION_EDIT_CONTACT']
[]	I want to assign a new ringtone to my alarm clock; help me pick one from my device.	{'plan': 'ACTION_GET_RINGTONE', 'arguments': {}}	Certainly, opening the ringtone picker. Choose your desired ringtone.	ACTION_GET_RINGTONE-319	['send_email', 'ACTION_EDIT_CONTACT', 'INTENT_ACTION_VIDEO_CAMERA', 'ACTION_SET_TIMER', 'ACTION_GET_RINGTONE']
[]	I need to pick a new alarm sound from my ringtone collection. Can you help me open the selection?	{'plan': 'ACTION_GET_RINGTONE', 'arguments': {}}	No problem, I'm opening the ringtone selection now.	ACTION_GET_RINGTONE-296	['ACTION_SET_ALARM', 'send_email', 'ACTION_GET_RINGTONE', 'ACTION_SET_TIMER', 'ACTION_PICK']
[]	I wish to choose a new sound for my alarm; can you display the ringtone picker for me?	{'plan': 'ACTION_GET_RINGTONE', 'arguments': {}}	No problem! Opening the ringtone selection tool now.	ACTION_GET_RINGTONE-315	['ACTION_GET_RINGTONE', 'ACTION_CREATE_DOCUMENT', 'ACTION_VIEW_CONTACT', 'send_message', 'get_contact_info']
[]	I need to get a photograph snapped. Could you have it saved at content://device/photos/shot.png?	{'plan': 'ACTION_IMAGE_CAPTURE', 'arguments': {'file_uri': 'content://device/photos/shot.png'}}	Affirmative, capturing the image and saving to content://device/photos/shot.png.	ACTION_IMAGE_CAPTURE-362	['get_contact_info_from_uri', 'ACTION_GET_RINGTONE', 'ACTION_IMAGE_CAPTURE', 'search_location', 'ACTION_SHOW_ALARMS']
[]	Please capture a snapshot using the camera and let the app decide where to store it.	{'plan': 'ACTION_IMAGE_CAPTURE', 'arguments': {}}	Okay, starting the camera. The image will be stored in the default location.	ACTION_IMAGE_CAPTURE-340	['INTENT_ACTION_STILL_IMAGE_CAMERA', 'ACTION_OPEN_DOCUMENT', 'ACTION_IMAGE_CAPTURE', 'get_contact_info_from_uri', 'ACTION_SET_TIMER']
[]	Would you mind capturing an image and depositing the file at content://downloads/images/pic.jpg?	{'plan': 'ACTION_IMAGE_CAPTURE', 'arguments': {'file_uri': 'content://downloads/images/pic.jpg'}}	Alright, launching the camera and will save the image to content://downloads/images/pic.jpg. Ready when you are!	ACTION_IMAGE_CAPTURE-375	['ACTION_IMAGE_CAPTURE', 'get_contact_info_from_uri', 'ACTION_INSERT_CONTACT', 'ACTION_SHOW_ALARMS', 'ACTION_CREATE_DOCUMENT']
[]	Please snap a photo and save it to content://myfolder/photo1.jpg.	{'plan': 'ACTION_IMAGE_CAPTURE', 'arguments': {'file_uri': 'content://myfolder/photo1.jpg'}}	Alright, taking a photo and saving it to content://myfolder/photo1.jpg.	ACTION_IMAGE_CAPTURE-326	['send_email', 'ACTION_IMAGE_CAPTURE', 'ACTION_PICK', 'open_settings', 'ACTION_VIDEO_CAPTURE']
[]	Please operate the camera function to take an image, storing it automatically without a user-specified path.	{'plan': 'ACTION_IMAGE_CAPTURE', 'arguments': {}}	Affirmative, launching the camera app and saving the image to the default location.	ACTION_IMAGE_CAPTURE-370	['ACTION_IMAGE_CAPTURE', 'INTENT_ACTION_VIDEO_CAMERA', 'ACTION_SET_ALARM', 'ACTION_SET_TIMER', 'ACTION_PICK']
[]	I need a photograph; please use the system's default path to store the image.	{'plan': 'ACTION_IMAGE_CAPTURE', 'arguments': {}}	No problem. I'm launching the camera. The image will be stored in the default location.	ACTION_IMAGE_CAPTURE-353	['ACTION_VIDEO_CAPTURE', 'search_location', 'ACTION_IMAGE_CAPTURE', 'ACTION_VIEW_CONTACT', 'get_contact_info']
[]	Execute a camera picture capture and route the file to content://data/images/camshot.jpg.	{'plan': 'ACTION_IMAGE_CAPTURE', 'arguments': {'file_uri': 'content://data/images/camshot.jpg'}}	Acknowledged, capturing the image and saving it to content://data/images/camshot.jpg.	ACTION_IMAGE_CAPTURE-358	['dial', 'ACTION_INSERT_CONTACT', 'ACTION_VIDEO_CAPTURE', 'search_location', 'ACTION_IMAGE_CAPTURE']
[]	Launch the camera and capture an image, saving it to content://storage/emulated/0/DCIM/Camera/newpic.jpg, please.	{'plan': 'ACTION_IMAGE_CAPTURE', 'arguments': {'file_uri': 'content://storage/emulated/0/DCIM/Camera/newpic.jpg'}}	Sure, I will launch the camera and save the image to content://storage/emulated/0/DCIM/Camera/newpic.jpg.	ACTION_IMAGE_CAPTURE-331	['ACTION_VIEW_CONTACT', 'ACTION_SHOW_ALARMS', 'ACTION_IMAGE_CAPTURE', 'ACTION_GET_CONTENT', 'ACTION_GET_RINGTONE']
[]	I want you to take a photo with my camera, and you can let the OS decide where it goes.	{'plan': 'ACTION_IMAGE_CAPTURE', 'arguments': {}}	Understood. Opening the camera; the image will be saved in the default location.	ACTION_IMAGE_CAPTURE-348	['ACTION_VIDEO_CAPTURE', 'ACTION_INSERT_EVENT', 'ACTION_IMAGE_CAPTURE', 'search_location', 'ACTION_SHOW_ALARMS']
[]	I need to click an image right now; let the system choose the saving location.	{'plan': 'ACTION_IMAGE_CAPTURE', 'arguments': {}}	Understood. Opening the camera. The picture will be saved in the default location.	ACTION_IMAGE_CAPTURE-329	['ACTION_EDIT_CONTACT', 'ACTION_IMAGE_CAPTURE', 'ACTION_CREATE_DOCUMENT', 'send_message', 'search_location']
[]	Insert a contact for Jackson with phone number 444-555-9999 and address '321 East Way'.	{'plan': 'ACTION_INSERT_CONTACT', 'arguments': {'contact_info': {'name': 'Jackson', 'phone': '444-555-9999', 'address': '321 East Way'}}}	Adding Jackson to your contacts with phone number 444-555-9999 and address 321 East Way.	ACTION_INSERT_CONTACT-417	['INTENT_ACTION_STILL_IMAGE_CAMERA', 'ACTION_INSERT_CONTACT', 'ACTION_INSERT_EVENT', 'ACTION_EDIT_CONTACT', 'ACTION_SET_TIMER']
[]	Insert a new entry for Olivia with her address noted as '56 Park Ave'.	{'plan': 'ACTION_INSERT_CONTACT', 'arguments': {'contact_info': {'name': 'Olivia', 'address': '56 Park Ave'}}}	Creating a contact for Olivia with the address 56 Park Ave.	ACTION_INSERT_CONTACT-400	['ACTION_INSERT_CONTACT', 'web_search', 'ACTION_CREATE_DOCUMENT', 'ACTION_SHOW_ALARMS', 'ACTION_VIDEO_CAPTURE']
[]	Please create a contact record for Sebastian, his email is seb@workmail.com.	{'plan': 'ACTION_INSERT_CONTACT', 'arguments': {'contact_info': {'name': 'Sebastian', 'email': 'seb@workmail.com'}}}	Okay, I'm creating a contact for Sebastian with the email address seb@workmail.com.	ACTION_INSERT_CONTACT-422	['ACTION_VIDEO_CAPTURE', 'open_settings', 'ACTION_INSERT_EVENT', 'ACTION_SHOW_ALARMS', 'ACTION_INSERT_CONTACT']
[]	Register a new contact for Lillian with email lilly@mail.com and phone number 222-111-3333.	{'plan': 'ACTION_INSERT_CONTACT', 'arguments': {'contact_info': {'name': 'Lillian', 'email': 'lilly@mail.com', 'phone': '222-111-3333'}}}	I'm registering Lillian. Her email is lilly@mail.com, and phone number is 222-111-3333.	ACTION_INSERT_CONTACT-421	['ACTION_INSERT_CONTACT', 'get_contact_info_from_uri', 'ACTION_CREATE_DOCUMENT', 'ACTION_SHOW_ALARMS', 'ACTION_INSERT_EVENT']
[]	Set up a new contact for Benjamin. His phone is 333-444-5555 and he lives at 789 Central Blvd.	{'plan': 'ACTION_INSERT_CONTACT', 'arguments': {'contact_info': {'name': 'Benjamin', 'phone': '333-444-5555', 'address': '789 Central Blvd'}}}	Okay, adding Benjamin with the phone number 333-444-5555 and address 789 Central Blvd. Please confirm.	ACTION_INSERT_CONTACT-405	['ACTION_OPEN_DOCUMENT', 'ACTION_INSERT_CONTACT', 'ACTION_IMAGE_CAPTURE', 'ACTION_VIEW_CONTACT', 'web_search']
[]	Register contact for Scarlett. Her email is scarlett@red.com.	{'plan': 'ACTION_INSERT_CONTACT', 'arguments': {'contact_info': {'name': 'Scarlett', 'email': 'scarlett@red.com'}}}	I'm registering Scarlett with the email scarlett@red.com in your contacts.	ACTION_INSERT_CONTACT-418	['get_contact_info_from_uri', 'send_message', 'INTENT_ACTION_STILL_IMAGE_CAMERA', 'ACTION_INSERT_CONTACT', 'ACTION_OPEN_DOCUMENT']
[]	Insert a new contact for Gregory House with his email greg.house@hospital.org.	{'plan': 'ACTION_INSERT_CONTACT', 'arguments': {'contact_info': {'name': 'Gregory House', 'email': 'greg.house@hospital.org'}}}	I'm on it! Adding Gregory House to your contacts with the email address greg.house@hospital.org.	ACTION_INSERT_CONTACT-394	['ACTION_VIDEO_CAPTURE', 'web_search', 'ACTION_INSERT_CONTACT', 'dial', 'ACTION_SET_ALARM']
[]	Please create a new contact entry for Victoria including her phone 101-202-3030 and email victoria_online@mail.com.	{'plan': 'ACTION_INSERT_CONTACT', 'arguments': {'contact_info': {'name': 'Victoria', 'phone': '101-202-3030', 'email': 'victoria_online@mail.com'}}}	Creating a contact for Victoria with phone 101-202-3030 and email victoria_online@mail.com.	ACTION_INSERT_CONTACT-427	['send_message', 'ACTION_VIDEO_CAPTURE', 'web_search', 'ACTION_SHOW_ALARMS', 'ACTION_INSERT_CONTACT']
[]	Insert a contact with these details: Name: Bob K., Phone: 111-222-3333, Email: bob@examplemail.com.	{'plan': 'ACTION_INSERT_CONTACT', 'arguments': {'contact_info': {'name': 'Bob K.', 'phone': '111-222-3333', 'email': 'bob@examplemail.com'}}}	Okay, inserting a contact for Bob K. with phone 111-222-3333 and email bob@examplemail.com.	ACTION_INSERT_CONTACT-386	['ACTION_INSERT_CONTACT', 'web_search', 'ACTION_EDIT_CONTACT', 'ACTION_SET_ALARM', 'ACTION_OPEN_DOCUMENT']
[]	Could you create a new contact entry for Michael? His number is 555-555-5555 and he lives at 123 Main St.	{'plan': 'ACTION_INSERT_CONTACT', 'arguments': {'contact_info': {'name': 'Michael', 'phone': '555-555-5555', 'address': '123 Main St'}}}	I am now creating a contact for Michael with the number 555-555-5555 and address 123 Main St.	ACTION_INSERT_CONTACT-384	['ACTION_INSERT_CONTACT', 'ACTION_OPEN_DOCUMENT', 'ACTION_VIDEO_CAPTURE', 'get_contact_info_from_uri', 'open_settings']
[]	Set up a 'Gymnastics Practice' session labeled as evening practice. It takes place from 1704200000000 to 1704205400000.	{'plan': 'ACTION_INSERT_EVENT', 'arguments': {'TITLE': 'Gymnastics Practice', 'DESCRIPTION': 'Evening practice session', 'BEGIN_TIME': 1704200000000, 'END_TIME': 1704205400000}}	Alright, 'Gymnastics Practice' evening session is on your calendar, running from 1704200000000 to 1704205400000. Event URI: content://calender/event/3	ACTION_INSERT_EVENT-478	['ACTION_EDIT_CONTACT', 'ACTION_GET_RINGTONE', 'ACTION_INSERT_EVENT', 'get_contact_info_from_uri', 'ACTION_CREATE_DOCUMENT']
[]	Please insert the event 'Gardening Workshop', which is a hands-on session on sustainable gardening practices. It will take place at Community Garden, starting at 1701400000000 and ending at 1701405400000.	{'plan': 'ACTION_INSERT_EVENT', 'arguments': {'TITLE': 'Gardening Workshop', 'DESCRIPTION': 'Hands-on session on sustainable gardening practices', 'EVENT_LOCATION': 'Community Garden', 'BEGIN_TIME': 1701400000000, 'END_TIME': 1701405400000}}	Great! I've added 'Gardening Workshop' at Community Garden, running from 1701400000000 to 1701405400000. content://calender/event/5	ACTION_INSERT_EVENT-450	['ACTION_INSERT_EVENT', 'get_contact_info', 'dial', 'ACTION_SET_ALARM', 'INTENT_ACTION_STILL_IMAGE_CAMERA']
[]	Set up a 'Charity Run' event, a 5K run for charity at City Park. It starts at 1705100000000 and ends at 1705105400000.	{'plan': 'ACTION_INSERT_EVENT', 'arguments': {'TITLE': 'Charity Run', 'DESCRIPTION': '5K run for charity', 'EVENT_LOCATION': 'City Park', 'BEGIN_TIME': 1705100000000, 'END_TIME': 1705105400000}}	OK, the 'Charity Run' at City Park has been scheduled from 1705100000000 to 1705105400000. Event URI: content://calender/event/10	ACTION_INSERT_EVENT-485	['search_location', 'ACTION_EDIT_CONTACT', 'ACTION_INSERT_EVENT', 'ACTION_SET_TIMER', 'web_search']
[]	I need to insert a 'Board Meeting' event with the purpose of discussing quarterly reports. It'll be held at the Conference Room B and run from 1701800000000 until 1701807200000.	{'plan': 'ACTION_INSERT_EVENT', 'arguments': {'TITLE': 'Board Meeting', 'DESCRIPTION': 'Discuss quarterly reports', 'EVENT_LOCATION': 'Conference Room B', 'BEGIN_TIME': 1701800000000, 'END_TIME': 1701807200000}}	I've added 'Board Meeting' in Conference Room B, scheduled from 1701800000000 to 1701807200000. content://calender/event/9	ACTION_INSERT_EVENT-454	['INTENT_ACTION_VIDEO_CAMERA', 'ACTION_INSERT_CONTACT', 'INTENT_ACTION_STILL_IMAGE_CAMERA', 'ACTION_INSERT_EVENT', 'ACTION_OPEN_DOCUMENT']
[]	I want to insert an event 'Book Club Meeting' where we'll discuss this month's selection at the local library. It should begin at 1700500000000 and end at 1700505400000.	"{'plan': 'ACTION_INSERT_EVENT', 'arguments': {'TITLE': 'Book Club Meeting', 'DESCRIPTION': ""Discussion on the month's book selection"", 'EVENT_LOCATION': 'local library', 'BEGIN_TIME': 1700500000000, 'END_TIME': 1700505400000}}"	'Book Club Meeting' added to your calendar at the local library to discuss this month's selection. The meeting is scheduled from 1700500000000 to 1700505400000. The event URI is content://calender/event/6.	ACTION_INSERT_EVENT-441	['ACTION_EDIT_CONTACT', 'ACTION_OPEN_DOCUMENT', 'ACTION_INSERT_EVENT', 'ACTION_CREATE_DOCUMENT', 'ACTION_VIEW_CONTACT']
[]	I need to schedule a 'Customer Support Training' session at the Training Center. The event will run from 1705300000000 to 1705303600000.	{'plan': 'ACTION_INSERT_EVENT', 'arguments': {'TITLE': 'Customer Support Training', 'DESCRIPTION': 'Training session for customer support staff', 'EVENT_LOCATION': 'Training Center', 'BEGIN_TIME': 1705300000000, 'END_TIME': 1705303600000}}	I've scheduled 'Customer Support Training' at the Training Center from January 15, 2024, 10:00:00 AM to January 15, 2024, 11:00:00 AM. You can find it here: content://calender/event/2	ACTION_INSERT_EVENT-487	['ACTION_GET_RINGTONE', 'ACTION_INSERT_CONTACT', 'ACTION_INSERT_EVENT', 'INTENT_ACTION_STILL_IMAGE_CAMERA', 'ACTION_SHOW_ALARMS']
[]	Please schedule an event named 'Gym Session' for a morning workout. It starts at 1700600000000 and finishes at 1700601800000.	{'plan': 'ACTION_INSERT_EVENT', 'arguments': {'TITLE': 'Gym Session', 'DESCRIPTION': 'Morning workout', 'BEGIN_TIME': 1700600000000, 'END_TIME': 1700601800000}}	I've scheduled a 'Gym Session' for your morning workout. It's set for 1700600000000 to 1700601800000. The event URI is content://calender/event/7.	ACTION_INSERT_EVENT-442	['ACTION_INSERT_CONTACT', 'ACTION_EDIT_CONTACT', 'INTENT_ACTION_STILL_IMAGE_CAMERA', 'ACTION_VIEW_CONTACT', 'ACTION_INSERT_EVENT']
[]	Create an event titled 'Afternoon Coffee Meetup'. No specified location but the meet starts at 1702400000000 and ends at 1702401800000.	{'plan': 'ACTION_INSERT_EVENT', 'arguments': {'TITLE': 'Afternoon Coffee Meetup', 'DESCRIPTION': 'Casual meetup for coffee', 'BEGIN_TIME': 1702400000000, 'END_TIME': 1702401800000}}	Got it! 'Afternoon Coffee Meetup' is scheduled on your calendar.	ACTION_INSERT_EVENT-460	['ACTION_INSERT_EVENT', 'get_contact_info', 'web_search', 'ACTION_SET_TIMER', 'send_message']
[]	Add an event for a 'Yoga Session' focused on relaxation and flexibility. It begins at 1701700000000 and ends at 1701701800000.	{'plan': 'ACTION_INSERT_EVENT', 'arguments': {'TITLE': 'Yoga Session', 'DESCRIPTION': 'Session focused on relaxation and flexibility', 'BEGIN_TIME': 1701700000000, 'END_TIME': 1701701800000}}	Added 'Yoga Session' from 1701700000000 to 1701701800000. content://calender/event/8	ACTION_INSERT_EVENT-453	['ACTION_INSERT_EVENT', 'ACTION_GET_RINGTONE', 'web_search', 'INTENT_ACTION_STILL_IMAGE_CAMERA', 'get_contact_info_from_uri']
[]	Add an event for 'Volunteer Work: Beach Clean-up' at Sunny Beach. The event lasts from 1702900000000 to 1702905400000.	{'plan': 'ACTION_INSERT_EVENT', 'arguments': {'TITLE': 'Volunteer Work: Beach Clean-up', 'DESCRIPTION': 'Beach clean-up activity', 'EVENT_LOCATION': 'Sunny Beach', 'BEGIN_TIME': 1702900000000, 'END_TIME': 1702905400000}}	'Volunteer Work: Beach Clean-up' at Sunny Beach is now on your calendar.	ACTION_INSERT_EVENT-465	['ACTION_INSERT_EVENT', 'send_email', 'ACTION_SET_TIMER', 'ACTION_INSERT_CONTACT', 'ACTION_EDIT_CONTACT']
[]	I need an alarm at 23:00 with the label 'Late Night' and a specific ringtone from 'http://alerttone.com/late.mp3'.	{'plan': 'ACTION_SET_ALARM', 'arguments': {'EXTRA_HOUR': 23, 'EXTRA_MINUTES': 0, 'EXTRA_MESSAGE': 'Late Night', 'EXTRA_RINGTONE': 'http://alerttone.com/late.mp3'}}	Okay, I've set an alarm for 11:00 PM with the label 'Late Night' and the ringtone from http://alerttone.com/late.mp3.	ACTION_SET_ALARM-584	['ACTION_CREATE_DOCUMENT', 'ACTION_VIEW_CONTACT', 'ACTION_INSERT_CONTACT', 'ACTION_SET_ALARM', 'get_contact_info_from_uri']
[]	Please create an alarm at 13:05 with the note 'Lunch Over' and make sure it skips UI confirmation.	{'plan': 'ACTION_SET_ALARM', 'arguments': {'EXTRA_HOUR': 13, 'EXTRA_MINUTES': 5, 'EXTRA_MESSAGE': 'Lunch Over', 'EXTRA_SKIP_UI': True}}	Okay, I've set an alarm for 1:05 PM with the message 'Lunch Over'. The UI confirmation has been skipped.	ACTION_SET_ALARM-597	['ACTION_SET_ALARM', 'ACTION_SHOW_ALARMS', 'ACTION_IMAGE_CAPTURE', 'INTENT_ACTION_VIDEO_CAMERA', 'ACTION_CREATE_DOCUMENT']
[]	Remind me with an alarm at 20:05 that carries the message 'Evening walk'.	{'plan': 'ACTION_SET_ALARM', 'arguments': {'EXTRA_HOUR': 20, 'EXTRA_MINUTES': 5, 'EXTRA_MESSAGE': 'Evening walk'}}	Okay, an alarm has been set for 8:05 PM with the message 'Evening walk'.	ACTION_SET_ALARM-567	['dial', 'send_message', 'ACTION_SET_ALARM', 'ACTION_VIEW_CONTACT', 'ACTION_IMAGE_CAPTURE']
[]	Set an alarm for 18:20 with the message 'Dinner time' and ensure the clock UI doesn't pop up.	{'plan': 'ACTION_SET_ALARM', 'arguments': {'EXTRA_HOUR': 18, 'EXTRA_MINUTES': 20, 'EXTRA_MESSAGE': 'Dinner time', 'EXTRA_SKIP_UI': True}}	OK, alarm set for 6:20 PM with the message 'Dinner time', and the UI confirmation has been skipped.	ACTION_SET_ALARM-554	['ACTION_SET_ALARM', 'ACTION_SHOW_ALARMS', 'ACTION_INSERT_EVENT', 'INTENT_ACTION_VIDEO_CAMERA', 'INTENT_ACTION_STILL_IMAGE_CAMERA']
[]	I want a 21:15 alarm that plays the ringtone 'http://tone.com/soft.mp3', carries the label 'Relax', and vibrates.	{'plan': 'ACTION_SET_ALARM', 'arguments': {'EXTRA_HOUR': 21, 'EXTRA_MINUTES': 15, 'EXTRA_MESSAGE': 'Relax', 'EXTRA_RINGTONE': 'http://tone.com/soft.mp3'}}	Understood. Alarm set for 9:15 PM with the label 'Relax' and the ringtone 'http://tone.com/soft.mp3'. Vibration will be enabled.	ACTION_SET_ALARM-596	['dial', 'ACTION_SHOW_ALARMS', 'ACTION_INSERT_EVENT', 'ACTION_IMAGE_CAPTURE', 'ACTION_SET_ALARM']
[]	Make an alarm for 18:30 labeled 'Dinner time' and use the ringtone 'ringtone://dinner'.	{'plan': 'ACTION_SET_ALARM', 'arguments': {'EXTRA_HOUR': 18, 'EXTRA_MINUTES': 30, 'EXTRA_MESSAGE': 'Dinner time', 'EXTRA_RINGTONE': 'ringtone://dinner'}}	Alarm set for 6:30 PM with 'Dinner time' label using the ringtone 'ringtone://dinner'.	ACTION_SET_ALARM-566	['ACTION_SHOW_ALARMS', 'ACTION_EDIT_CONTACT', 'ACTION_SET_ALARM', 'send_email', 'search_location']
[]	Arrange an alarm for 19:25 that repeats on Wednesday, Thursday, and Sunday, and tag it 'Study Time'.	{'plan': 'ACTION_SET_ALARM', 'arguments': {'EXTRA_HOUR': 19, 'EXTRA_MINUTES': 25, 'EXTRA_MESSAGE': 'Study Time', 'EXTRA_DAYS': ['Wednesday', 'Thursday', 'Sunday']}}	OK, I've set an alarm for 7:25 PM, repeating every Wednesday, Thursday, and Sunday, labeled as 'Study Time'.	ACTION_SET_ALARM-557	['ACTION_INSERT_CONTACT', 'search_location', 'ACTION_SET_ALARM', 'ACTION_OPEN_DOCUMENT', 'ACTION_IMAGE_CAPTURE']
[]	Set my alarm to go off at 12:05 with the label 'Lunch Reminder'.	{'plan': 'ACTION_SET_ALARM', 'arguments': {'EXTRA_HOUR': 12, 'EXTRA_MINUTES': 5, 'EXTRA_MESSAGE': 'Lunch Reminder'}}	Done! Alarm set for 12:05 PM with the label 'Lunch Reminder'.	ACTION_SET_ALARM-586	['dial', 'get_contact_info', 'send_message', 'search_location', 'ACTION_SET_ALARM']
[]	Could you set up an alarm for 23:45?	{'plan': 'ACTION_SET_ALARM', 'arguments': {'EXTRA_HOUR': 23, 'EXTRA_MINUTES': 45}}	Okay, alarm set for 11:45 PM.	ACTION_SET_ALARM-561	['ACTION_SET_ALARM', 'ACTION_PICK', 'web_search', 'search_location', 'INTENT_ACTION_VIDEO_CAMERA']
[]	I want an alarm at 9:45 AM to remind me to 'Check Email', and please skip the app interface confirmation.	{'plan': 'ACTION_SET_ALARM', 'arguments': {'EXTRA_HOUR': 9, 'EXTRA_MINUTES': 45, 'EXTRA_MESSAGE': 'Check Email', 'EXTRA_SKIP_UI': True}}	An alarm for 9:45 AM with the message 'Check Email' has been set, skipping the confirmation screen.	ACTION_SET_ALARM-588	['ACTION_SET_ALARM', 'get_contact_info_from_uri', 'web_search', 'INTENT_ACTION_VIDEO_CAMERA', 'ACTION_VIEW_CONTACT']
[]	Could you run a quick 20 seconds timer for me?	{'plan': 'ACTION_SET_TIMER', 'arguments': {'duration': '20 seconds'}}	A 20-second timer has been started.	ACTION_SET_TIMER-642	['ACTION_GET_RINGTONE', 'ACTION_CREATE_DOCUMENT', 'ACTION_SET_ALARM', 'ACTION_SET_TIMER', 'ACTION_OPEN_DOCUMENT']
[]	Set up a timer for 50 minutes 30 seconds labeled 'Laundry'.	{'plan': 'ACTION_SET_TIMER', 'arguments': {'duration': '50 minutes 30 seconds', 'EXTRA_MESSAGE': 'Laundry'}}	Timer set for 50 minutes 30 seconds. The label is 'Laundry'.	ACTION_SET_TIMER-640	['ACTION_EDIT_CONTACT', 'ACTION_PICK', 'ACTION_SET_TIMER', 'dial', 'ACTION_VIEW_CONTACT']
[]	Set a kitchen timer for 25 minutes, and make sure to skip the UI.	{'plan': 'ACTION_SET_TIMER', 'arguments': {'duration': '25 minutes', 'EXTRA_SKIP_UI': True}}	Timer set for 25 minutes. UI skipped.	ACTION_SET_TIMER-603	['ACTION_EDIT_CONTACT', 'search_location', 'ACTION_OPEN_DOCUMENT', 'ACTION_SET_TIMER', 'get_contact_info_from_uri']
[]	Start a countdown timer for exactly 8 minutes 5 seconds.	{'plan': 'ACTION_SET_TIMER', 'arguments': {'duration': '8 minutes 5 seconds'}}	Okay, timer started for 8 minutes and 5 seconds.	ACTION_SET_TIMER-637	['ACTION_IMAGE_CAPTURE', 'ACTION_SET_TIMER', 'INTENT_ACTION_STILL_IMAGE_CAMERA', 'get_contact_info_from_uri', 'ACTION_INSERT_EVENT']
[]	Activate a timer for 30 minutes and bypass any UI prompts.	{'plan': 'ACTION_SET_TIMER', 'arguments': {'duration': '30 minutes', 'EXTRA_SKIP_UI': True}}	Okay, a timer has been set for 30 minutes.	ACTION_SET_TIMER-639	['ACTION_OPEN_DOCUMENT', 'ACTION_SET_TIMER', 'ACTION_EDIT_CONTACT', 'ACTION_VIDEO_CAPTURE', 'send_email']
[]	Please run a countdown for 7 minutes with no extra message.	{'plan': 'ACTION_SET_TIMER', 'arguments': {'duration': '7 minutes'}}	Okay, starting a timer for 7 minutes.	ACTION_SET_TIMER-609	['ACTION_SET_TIMER', 'get_contact_info', 'ACTION_PICK', 'get_contact_info_from_uri', 'ACTION_INSERT_EVENT']
[]	Initiate a countdown timer for 90 minutes.	{'plan': 'ACTION_SET_TIMER', 'arguments': {'duration': '90 minutes'}}	Commencing a timer that will last for 90 minutes.	ACTION_SET_TIMER-633	['ACTION_OPEN_DOCUMENT', 'INTENT_ACTION_VIDEO_CAMERA', 'ACTION_CREATE_DOCUMENT', 'ACTION_PICK', 'ACTION_SET_TIMER']
[]	Countdown: set a 5 hours timer with the note 'Marathon'.	{'plan': 'ACTION_SET_TIMER', 'arguments': {'duration': '5 hours', 'EXTRA_MESSAGE': 'Marathon'}}	A 5-hour timer is now running, labeled as 'Marathon'.	ACTION_SET_TIMER-645	['get_contact_info_from_uri', 'ACTION_SET_ALARM', 'ACTION_SET_TIMER', 'ACTION_INSERT_EVENT', 'send_email']
[]	Please set a timer for 15 minutes.	{'plan': 'ACTION_SET_TIMER', 'arguments': {'duration': '15 minutes'}}	Okay, a timer for 15 minutes has been set.	ACTION_SET_TIMER-614	['ACTION_SET_TIMER', 'ACTION_EDIT_CONTACT', 'ACTION_PICK', 'ACTION_INSERT_EVENT', 'ACTION_GET_CONTENT']
[]	Can you set up a timer for exactly 2 hours 5 minutes 10 seconds?	{'plan': 'ACTION_SET_TIMER', 'arguments': {'duration': '2 hours 5 minutes 10 seconds'}}	Successfully set a timer for 2 hours, 5 minutes, and 10 seconds.	ACTION_SET_TIMER-648	['ACTION_SET_TIMER', 'web_search', 'INTENT_ACTION_VIDEO_CAMERA', 'ACTION_INSERT_EVENT', 'ACTION_OPEN_DOCUMENT']
[]	Let me see the list of alarm settings currently on my device.	{'plan': 'ACTION_SHOW_ALARMS', 'arguments': {}}	Here is the list of alarm settings on your device: [alarm_id: 1 - 6:00 AM, Morning, alarm_id: 2 - 8:00 AM, Work, alarm_id: 3 - 10:00 AM, Break]	ACTION_SHOW_ALARMS-683	['ACTION_IMAGE_CAPTURE', 'ACTION_SHOW_ALARMS', 'ACTION_GET_CONTENT', 'web_search', 'send_email']
[]	Give me a rundown of all the alarms I have configured.	{'plan': 'ACTION_SHOW_ALARMS', 'arguments': {}}	You've configured these alarms: [alarm_id: 1 - 5:45 AM, Morning Call, alarm_id: 2 - 6:15 AM, News Briefing]	ACTION_SHOW_ALARMS-678	['ACTION_GET_CONTENT', 'ACTION_SHOW_ALARMS', 'ACTION_PICK', 'get_contact_info', 'ACTION_EDIT_CONTACT']
[]	What alarms are active on my smartphone right now?	{'plan': 'ACTION_SHOW_ALARMS', 'arguments': {}}	Currently active alarms are: [alarm_id: 1 - 07:45 AM, Daily, alarm_id: 2 - 08:15 AM, Meeting]	ACTION_SHOW_ALARMS-671	['INTENT_ACTION_VIDEO_CAMERA', 'ACTION_OPEN_DOCUMENT', 'ACTION_CREATE_DOCUMENT', 'ACTION_SHOW_ALARMS', 'send_email']
[]	Please list my set alarms as per the current configuration.	{'plan': 'ACTION_SHOW_ALARMS', 'arguments': {}}	Here are your current alarms: [alarm_id: 1 - 6:30 AM, Daily Wake-up, alarm_id: 2 - 7:15 AM, Morning News]	ACTION_SHOW_ALARMS-694	['ACTION_EDIT_CONTACT', 'INTENT_ACTION_VIDEO_CAMERA', 'ACTION_SET_TIMER', 'ACTION_PICK', 'ACTION_SHOW_ALARMS']
[]	Show the alarm layout I've arranged on my mobile device.	{'plan': 'ACTION_SHOW_ALARMS', 'arguments': {}}	Displaying alarm configuration: [alarm_id: 1 - 7:30 AM, Commute, alarm_id: 2 - 8:30 AM, Team Stand-up]	ACTION_SHOW_ALARMS-698	['send_message', 'get_contact_info_from_uri', 'ACTION_GET_CONTENT', 'ACTION_SHOW_ALARMS', 'open_settings']
[]	Show all alarms I've set on my mobile phone.	{'plan': 'ACTION_SHOW_ALARMS', 'arguments': {}}	Affirmative, showing all alarms: [alarm_id: 1 - 6:00 AM, Morning Exercise].	ACTION_SHOW_ALARMS-689	['INTENT_ACTION_STILL_IMAGE_CAMERA', 'send_message', 'ACTION_INSERT_CONTACT', 'search_location', 'ACTION_SHOW_ALARMS']
[]	Could you show the list of scheduled alarms currently on my device?	{'plan': 'ACTION_SHOW_ALARMS', 'arguments': {}}	Absolutely! Your currently scheduled alarms are: [alarm_id: 1 - 7:15 AM, Daily]	ACTION_SHOW_ALARMS-668	['dial', 'ACTION_SHOW_ALARMS', 'search_location', 'ACTION_PICK', 'ACTION_CREATE_DOCUMENT']
[]	Kindly reveal the list of timers and alarms I set up on my phone.	{'plan': 'ACTION_SHOW_ALARMS', 'arguments': {}}	Your active alarms are: [alarm_id: 1 - 6:00 AM, alarm_id: 2 - 6:30 AM, alarm_id: 3 - 7:00 AM]	ACTION_SHOW_ALARMS-697	['ACTION_SHOW_ALARMS', 'ACTION_CREATE_DOCUMENT', 'INTENT_ACTION_STILL_IMAGE_CAMERA', 'ACTION_VIDEO_CAPTURE', 'ACTION_IMAGE_CAPTURE']
[]	Show me the schedule of alarms on my phone.	{'plan': 'ACTION_SHOW_ALARMS', 'arguments': {}}	Here are your current alarms: [alarm_id: 1 - 6:30 AM, Weekday Wakeup, alarm_id: 2 - 7:15 AM, Gym Time]	ACTION_SHOW_ALARMS-674	['INTENT_ACTION_VIDEO_CAMERA', 'ACTION_SET_TIMER', 'send_message', 'ACTION_PICK', 'ACTION_SHOW_ALARMS']
[]	List all the alarms that I've scheduled for today.	{'plan': 'ACTION_SHOW_ALARMS', 'arguments': {}}	Okay, here are the alarms you have set for today: [alarm_id: 1 - 7:15 AM, alarm_id: 2 - 12:00 PM, Lunch, alarm_id: 3 - 10:00 PM, Bedtime].	ACTION_SHOW_ALARMS-657	['ACTION_SHOW_ALARMS', 'search_location', 'dial', 'send_email', 'ACTION_PICK']
[]	Please use the camera to record a brief video clip and save it at content://myvideos/take.mp4.	{'plan': 'ACTION_VIDEO_CAPTURE', 'arguments': {'file_uri': 'content://myvideos/take.mp4'}}	No problem, recording a video clip and saving it to content://myvideos/take.mp4.	ACTION_VIDEO_CAPTURE-721	['ACTION_SET_TIMER', 'ACTION_INSERT_EVENT', 'ACTION_VIEW_CONTACT', 'INTENT_ACTION_STILL_IMAGE_CAMERA', 'ACTION_VIDEO_CAPTURE']
[]	Please use your camera app to capture a new video recording.	{'plan': 'ACTION_VIDEO_CAPTURE', 'arguments': {}}	Alright, launching the camera to start a new video recording.	ACTION_VIDEO_CAPTURE-759	['ACTION_VIDEO_CAPTURE', 'ACTION_SHOW_ALARMS', 'ACTION_INSERT_CONTACT', 'ACTION_CREATE_DOCUMENT', 'INTENT_ACTION_VIDEO_CAMERA']
[]	Can you capture a quick video clip for me?	{'plan': 'ACTION_VIDEO_CAPTURE', 'arguments': {}}	Alright, I'm launching the camera to record a video clip.	ACTION_VIDEO_CAPTURE-709	['ACTION_OPEN_DOCUMENT', 'ACTION_VIDEO_CAPTURE', 'search_location', 'get_contact_info_from_uri', 'open_settings']
[]	Shoot a video and store the file at content://media/videos/clip1.mp4.	{'plan': 'ACTION_VIDEO_CAPTURE', 'arguments': {'file_uri': 'content://media/videos/clip1.mp4'}}	Okay, I'm now recording a video and saving it to content://media/videos/clip1.mp4.	ACTION_VIDEO_CAPTURE-727	['web_search', 'ACTION_GET_CONTENT', 'INTENT_ACTION_STILL_IMAGE_CAMERA', 'ACTION_VIDEO_CAPTURE', 'ACTION_GET_RINGTONE']
[]	Would you mind capturing a video clip using the camera app?	{'plan': 'ACTION_VIDEO_CAPTURE', 'arguments': {}}	No problem, starting the video capture now. I will save it automatically.	ACTION_VIDEO_CAPTURE-732	['send_message', 'ACTION_INSERT_EVENT', 'ACTION_VIDEO_CAPTURE', 'INTENT_ACTION_STILL_IMAGE_CAMERA', 'dial']
[]	Capture a video and let the system decide where to save it.	{'plan': 'ACTION_VIDEO_CAPTURE', 'arguments': {}}	Okay, starting video capture. The system will choose the save location.	ACTION_VIDEO_CAPTURE-724	['ACTION_GET_CONTENT', 'ACTION_EDIT_CONTACT', 'ACTION_SET_TIMER', 'ACTION_VIDEO_CAPTURE', 'search_location']
[]	Initiate video recording now, no need to specify a file path.	{'plan': 'ACTION_VIDEO_CAPTURE', 'arguments': {}}	Understood, starting video recording now.	ACTION_VIDEO_CAPTURE-711	['ACTION_INSERT_CONTACT', 'send_email', 'ACTION_OPEN_DOCUMENT', 'ACTION_SHOW_ALARMS', 'ACTION_VIDEO_CAPTURE']
[]	Record a video right now without specifying any particular file URI.	{'plan': 'ACTION_VIDEO_CAPTURE', 'arguments': {}}	Understood. Initiating video recording now, and the video will be saved to the default location.	ACTION_VIDEO_CAPTURE-720	['ACTION_OPEN_DOCUMENT', 'ACTION_GET_RINGTONE', 'ACTION_SET_ALARM', 'ACTION_VIDEO_CAPTURE', 'ACTION_VIEW_CONTACT']
[]	Record a clip for documentation. No specific storage location is required.	{'plan': 'ACTION_VIDEO_CAPTURE', 'arguments': {}}	Got it. Recording a video clip for documentation. The system will handle the storage location.	ACTION_VIDEO_CAPTURE-743	['ACTION_EDIT_CONTACT', 'get_contact_info', 'get_contact_info_from_uri', 'ACTION_VIDEO_CAPTURE', 'ACTION_PICK']
[]	Kindly initiate a video capture using your camera.	{'plan': 'ACTION_VIDEO_CAPTURE', 'arguments': {}}	Okay, starting video capture now.	ACTION_VIDEO_CAPTURE-757	['ACTION_VIDEO_CAPTURE', 'open_settings', 'dial', 'ACTION_CREATE_DOCUMENT', 'ACTION_VIEW_CONTACT']
[]	Find and show the details of the contact at content://contacts/people/3132.	{'plan': 'ACTION_VIEW_CONTACT', 'arguments': {'contact_uri': 'content://contacts/people/3132'}}	Showing the details for contact at content://contacts/people/3132.	ACTION_VIEW_CONTACT-774	['INTENT_ACTION_STILL_IMAGE_CAMERA', 'ACTION_GET_CONTENT', 'ACTION_VIEW_CONTACT', 'ACTION_CREATE_DOCUMENT', 'ACTION_VIDEO_CAPTURE']
[]	Please get the detailed contact information for content://contacts/people/1020.	{'plan': 'ACTION_VIEW_CONTACT', 'arguments': {'contact_uri': 'content://contacts/people/1020'}}	Now presenting the contact information for content://contacts/people/1020.	ACTION_VIEW_CONTACT-802	['web_search', 'ACTION_VIEW_CONTACT', 'dial', 'ACTION_OPEN_DOCUMENT', 'ACTION_PICK']
[]	Present the details for the contact associated with content://contacts/contacts/2008.	{'plan': 'ACTION_VIEW_CONTACT', 'arguments': {'contact_uri': 'content://contacts/contacts/2008'}}	Displaying details from content://contacts/contacts/2008.	ACTION_VIEW_CONTACT-792	['ACTION_VIEW_CONTACT', 'ACTION_CREATE_DOCUMENT', 'ACTION_VIDEO_CAPTURE', 'search_location', 'get_contact_info']
[]	Bring up the profile for content://contacts/people/1008.	{'plan': 'ACTION_VIEW_CONTACT', 'arguments': {'contact_uri': 'content://contacts/people/1008'}}	Here is the profile from content://contacts/people/1008.	ACTION_VIEW_CONTACT-786	['ACTION_INSERT_EVENT', 'get_contact_info_from_uri', 'ACTION_GET_CONTENT', 'INTENT_ACTION_STILL_IMAGE_CAMERA', 'ACTION_VIEW_CONTACT']
[]	Exhibit the contact's details via URI content://contacts/people/1024.	{'plan': 'ACTION_VIEW_CONTACT', 'arguments': {'contact_uri': 'content://contacts/people/1024'}}	Exhibiting contact details from content://contacts/people/1024.	ACTION_VIEW_CONTACT-809	['ACTION_PICK', 'ACTION_VIEW_CONTACT', 'ACTION_SHOW_ALARMS', 'web_search', 'ACTION_EDIT_CONTACT']
[]	Please display the complete detail of the contact at content://contacts/people/1011.	{'plan': 'ACTION_VIEW_CONTACT', 'arguments': {'contact_uri': 'content://contacts/people/1011'}}	Displaying complete contact detail from content://contacts/people/1011.	ACTION_VIEW_CONTACT-790	['ACTION_INSERT_EVENT', 'ACTION_VIEW_CONTACT', 'ACTION_GET_RINGTONE', 'ACTION_VIDEO_CAPTURE', 'send_email']
[]	Display detailed information for the contact whose URI is content://contacts/people/2324.	{'plan': 'ACTION_VIEW_CONTACT', 'arguments': {'contact_uri': 'content://contacts/people/2324'}}	Displaying detailed contact information from content://contacts/people/2324.	ACTION_VIEW_CONTACT-770	['ACTION_VIEW_CONTACT', 'send_email', 'INTENT_ACTION_STILL_IMAGE_CAMERA', 'ACTION_CREATE_DOCUMENT', 'ACTION_EDIT_CONTACT']
[]	Get me the profile details from content://contacts/people/1004.	{'plan': 'ACTION_VIEW_CONTACT', 'arguments': {'contact_uri': 'content://contacts/people/1004'}}	Displaying profile details from content://contacts/people/1004.	ACTION_VIEW_CONTACT-777	['ACTION_VIEW_CONTACT', 'ACTION_SHOW_ALARMS', 'dial', 'open_settings', 'send_email']
[]	I want to inspect the contact's details from content://contacts/contacts/2122. Can you do that?	{'plan': 'ACTION_VIEW_CONTACT', 'arguments': {'contact_uri': 'content://contacts/contacts/2122'}}	Yes, inspecting contact details from content://contacts/contacts/2122.	ACTION_VIEW_CONTACT-769	['ACTION_VIEW_CONTACT', 'ACTION_EDIT_CONTACT', 'ACTION_INSERT_EVENT', 'ACTION_OPEN_DOCUMENT', 'ACTION_IMAGE_CAPTURE']
[]	I need to check the information for the contact with URI content://contacts/people/1002.	{'plan': 'ACTION_VIEW_CONTACT', 'arguments': {'contact_uri': 'content://contacts/people/1002'}}	Accessing information for contact at content://contacts/people/1002.	ACTION_VIEW_CONTACT-776	['open_settings', 'INTENT_ACTION_STILL_IMAGE_CAMERA', 'ACTION_VIEW_CONTACT', 'ACTION_INSERT_CONTACT', 'get_contact_info']
[]	Could you activate my camera to click a still photo?	{'plan': 'INTENT_ACTION_STILL_IMAGE_CAMERA', 'arguments': {}}	Activating the still image camera.	INTENT_ACTION_STILL_IMAGE_CAMERA-858	['INTENT_ACTION_STILL_IMAGE_CAMERA', 'ACTION_VIEW_CONTACT', 'send_email', 'dial', 'ACTION_INSERT_EVENT']
[]	Open my camera app in still mode to capture a photo.	{'plan': 'INTENT_ACTION_STILL_IMAGE_CAMERA', 'arguments': {}}	Opening camera app in still mode.	INTENT_ACTION_STILL_IMAGE_CAMERA-846	['open_settings', 'ACTION_OPEN_DOCUMENT', 'dial', 'ACTION_INSERT_EVENT', 'INTENT_ACTION_STILL_IMAGE_CAMERA']
[]	Initiate the still picture mode on my smartphone's camera.	{'plan': 'INTENT_ACTION_STILL_IMAGE_CAMERA', 'arguments': {}}	Initiating the still picture mode now.	INTENT_ACTION_STILL_IMAGE_CAMERA-845	['ACTION_SHOW_ALARMS', 'ACTION_PICK', 'INTENT_ACTION_STILL_IMAGE_CAMERA', 'ACTION_CREATE_DOCUMENT', 'open_settings']
[]	I need a shot; open up the still image camera on my phone.	{'plan': 'INTENT_ACTION_STILL_IMAGE_CAMERA', 'arguments': {}}	Opening your still image camera now. Get ready to shoot!	INTENT_ACTION_STILL_IMAGE_CAMERA-827	['INTENT_ACTION_STILL_IMAGE_CAMERA', 'web_search', 'open_settings', 'ACTION_IMAGE_CAPTURE', 'dial']
[]	I wish to take a proper still image; please open the system camera app in photo mode.	{'plan': 'INTENT_ACTION_STILL_IMAGE_CAMERA', 'arguments': {}}	No problem, opening the camera app in photo mode.	INTENT_ACTION_STILL_IMAGE_CAMERA-863	['ACTION_SET_TIMER', 'INTENT_ACTION_STILL_IMAGE_CAMERA', 'ACTION_INSERT_EVENT', 'ACTION_GET_RINGTONE', 'ACTION_PICK']
[]	I need to take a still picture; please open the camera application.	{'plan': 'INTENT_ACTION_STILL_IMAGE_CAMERA', 'arguments': {}}	Got it, opening the camera app.	INTENT_ACTION_STILL_IMAGE_CAMERA-848	['ACTION_SHOW_ALARMS', 'INTENT_ACTION_VIDEO_CAMERA', 'ACTION_VIDEO_CAPTURE', 'INTENT_ACTION_STILL_IMAGE_CAMERA', 'search_location']
[]	I want to record a still photo; open my smartphone's camera for me.	{'plan': 'INTENT_ACTION_STILL_IMAGE_CAMERA', 'arguments': {}}	Right away. Opening your phone's camera.	INTENT_ACTION_STILL_IMAGE_CAMERA-838	['ACTION_SHOW_ALARMS', 'INTENT_ACTION_STILL_IMAGE_CAMERA', 'ACTION_VIEW_CONTACT', 'send_email', 'ACTION_CREATE_DOCUMENT']
[]	I need a still picture taken; please fire up the image capture app on my device.	{'plan': 'INTENT_ACTION_STILL_IMAGE_CAMERA', 'arguments': {}}	Alright, launching the camera for a still image.	INTENT_ACTION_STILL_IMAGE_CAMERA-859	['web_search', 'INTENT_ACTION_STILL_IMAGE_CAMERA', 'get_contact_info_from_uri', 'ACTION_SHOW_ALARMS', 'open_settings']
[]	Open the device's still photo camera so I can take a quick snapshot.	{'plan': 'INTENT_ACTION_STILL_IMAGE_CAMERA', 'arguments': {}}	Opening the still photo camera for you.	INTENT_ACTION_STILL_IMAGE_CAMERA-836	['ACTION_GET_CONTENT', 'web_search', 'INTENT_ACTION_STILL_IMAGE_CAMERA', 'INTENT_ACTION_VIDEO_CAMERA', 'ACTION_GET_RINGTONE']
[]	Fire up the camera for still image capture now.	{'plan': 'INTENT_ACTION_STILL_IMAGE_CAMERA', 'arguments': {}}	Initiating the still image camera.	INTENT_ACTION_STILL_IMAGE_CAMERA-834	['ACTION_SET_ALARM', 'ACTION_PICK', 'INTENT_ACTION_STILL_IMAGE_CAMERA', 'web_search', 'send_email']
[]	I require to record a video clip; start the video camera.	{'plan': 'INTENT_ACTION_VIDEO_CAMERA', 'arguments': {}}	Got it, launching the video camera for you.	INTENT_ACTION_VIDEO_CAMERA-878	['dial', 'ACTION_GET_RINGTONE', 'INTENT_ACTION_VIDEO_CAMERA', 'ACTION_EDIT_CONTACT', 'ACTION_PICK']
[]	Could you get the video recording function started? I'd like to record something.	{'plan': 'INTENT_ACTION_VIDEO_CAMERA', 'arguments': {}}	Starting the video recording function now.	INTENT_ACTION_VIDEO_CAMERA-872	['ACTION_EDIT_CONTACT', 'INTENT_ACTION_VIDEO_CAMERA', 'ACTION_INSERT_CONTACT', 'ACTION_SHOW_ALARMS', 'get_contact_info_from_uri']
[]	Could you start the tool that lets me record videos on my device?	{'plan': 'INTENT_ACTION_VIDEO_CAMERA', 'arguments': {}}	Got it, starting the video recording tool.	INTENT_ACTION_VIDEO_CAMERA-896	['INTENT_ACTION_VIDEO_CAMERA', 'ACTION_VIEW_CONTACT', 'open_settings', 'ACTION_CREATE_DOCUMENT', 'ACTION_GET_RINGTONE']
[]	I want to capture some live video. Can you open the video camera app?	{'plan': 'INTENT_ACTION_VIDEO_CAMERA', 'arguments': {}}	Sure, opening the video camera application.	INTENT_ACTION_VIDEO_CAMERA-895	['INTENT_ACTION_VIDEO_CAMERA', 'ACTION_IMAGE_CAPTURE', 'ACTION_SET_TIMER', 'open_settings', 'ACTION_PICK']
[]	Launch the system camera to record a video.	{'plan': 'INTENT_ACTION_VIDEO_CAMERA', 'arguments': {}}	The system camera is launching for video recording.	INTENT_ACTION_VIDEO_CAMERA-869	['INTENT_ACTION_VIDEO_CAMERA', 'ACTION_PICK', 'get_contact_info', 'ACTION_GET_CONTENT', 'ACTION_INSERT_EVENT']
[]	Open the video recorder on my device, please.	{'plan': 'INTENT_ACTION_VIDEO_CAMERA', 'arguments': {}}	You got it. The video recorder is now open.	INTENT_ACTION_VIDEO_CAMERA-867	['ACTION_VIDEO_CAPTURE', 'get_contact_info_from_uri', 'INTENT_ACTION_VIDEO_CAMERA', 'ACTION_OPEN_DOCUMENT', 'ACTION_GET_RINGTONE']
[]	I want to shoot a video; please open the video camera.	{'plan': 'INTENT_ACTION_VIDEO_CAMERA', 'arguments': {}}	No problem, opening the video camera.	INTENT_ACTION_VIDEO_CAMERA-871	['ACTION_INSERT_EVENT', 'ACTION_GET_CONTENT', 'search_location', 'INTENT_ACTION_VIDEO_CAMERA', 'ACTION_IMAGE_CAPTURE']
[]	Initiate my device's video recording application now.	{'plan': 'INTENT_ACTION_VIDEO_CAMERA', 'arguments': {}}	As you wish, initiating the video recording application.	INTENT_ACTION_VIDEO_CAMERA-873	['ACTION_GET_RINGTONE', 'INTENT_ACTION_VIDEO_CAMERA', 'send_email', 'ACTION_GET_CONTENT', 'ACTION_VIDEO_CAPTURE']
[]	Open the video recording feature; I need to document something.	{'plan': 'INTENT_ACTION_VIDEO_CAMERA', 'arguments': {}}	Initiating video camera for recording.	INTENT_ACTION_VIDEO_CAMERA-904	['search_location', 'ACTION_GET_RINGTONE', 'ACTION_SHOW_ALARMS', 'get_contact_info_from_uri', 'INTENT_ACTION_VIDEO_CAMERA']
[]	Start video recording by launching the phone's camera in video mode.	{'plan': 'INTENT_ACTION_VIDEO_CAMERA', 'arguments': {}}	Initiating video recording mode now.	INTENT_ACTION_VIDEO_CAMERA-874	['ACTION_SHOW_ALARMS', 'INTENT_ACTION_VIDEO_CAMERA', 'web_search', 'ACTION_CREATE_DOCUMENT', 'ACTION_IMAGE_CAPTURE']
[]	I'd like to speak with someone at 555-0008, can you dial it?	{'plan': 'dial', 'arguments': {'phone_number': '555-0008'}}	Calling 555-0008.	dial-968	['ACTION_GET_CONTENT', 'dial', 'ACTION_VIEW_CONTACT', 'ACTION_SHOW_ALARMS', 'search_location']
[]	Bitte rufe die Nummer 555-0033 an.	{'plan': 'dial', 'arguments': {'phone_number': '555-0033'}}	Ich rufe 555-0033 an.	dial-990	['ACTION_IMAGE_CAPTURE', 'dial', 'web_search', 'ACTION_PICK', 'ACTION_SET_TIMER']
[]	I'd like to talk to someone at 1-800-432-1000; can you dial that number?	{'plan': 'dial', 'arguments': {'phone_number': '1-800-432-1000'}}	Alright, dialing 1-800-432-1000 for you now.	dial-922	['search_location', 'send_email', 'ACTION_GET_RINGTONE', 'open_settings', 'dial']
[]	Please make a call to 555-0001.	{'plan': 'dial', 'arguments': {'phone_number': '555-0001'}}	Calling 555-0001.	dial-963	['ACTION_IMAGE_CAPTURE', 'INTENT_ACTION_STILL_IMAGE_CAMERA', 'ACTION_VIEW_CONTACT', 'web_search', 'dial']
[]	Execute a phone call to 03-1234-5678, thanks!	{'plan': 'dial', 'arguments': {'phone_number': '03-1234-5678'}}	Making the call to 03-1234-5678.	dial-962	['ACTION_SET_ALARM', 'ACTION_SHOW_ALARMS', 'dial', 'ACTION_GET_RINGTONE', 'search_location']
[]	I want to speak with someone on 555-0039, please dial the number.	{'plan': 'dial', 'arguments': {'phone_number': '555-0039'}}	Ok, dialing 555-0039 now.	dial-996	['ACTION_VIEW_CONTACT', 'dial', 'ACTION_GET_RINGTONE', 'open_settings', 'ACTION_VIDEO_CAPTURE']
[]	Help me out by calling 555-0015 immediately.	{'plan': 'dial', 'arguments': {'phone_number': '555-0015'}}	Immediately calling 555-0015.	dial-973	['search_location', 'dial', 'ACTION_GET_CONTENT', 'ACTION_SET_ALARM', 'ACTION_IMAGE_CAPTURE']
[]	Could you ring me at +49-30-123456?	{'plan': 'dial', 'arguments': {'phone_number': '+49-30-123456'}}	Calling +49-30-123456.	dial-981	['ACTION_SET_ALARM', 'dial', 'ACTION_EDIT_CONTACT', 'get_contact_info', 'ACTION_CREATE_DOCUMENT']
[]	For assistance, please call 321-654-0987.	{'plan': 'dial', 'arguments': {'phone_number': '321-654-0987'}}	Initiating call to 321-654-0987.	dial-946	['ACTION_INSERT_EVENT', 'INTENT_ACTION_VIDEO_CAMERA', 'dial', 'get_contact_info', 'ACTION_CREATE_DOCUMENT']
[]	I need to make a call to +86 10 1234 5678.	{'plan': 'dial', 'arguments': {'phone_number': '+86 10 1234 5678'}}	Now dialing +86 10 1234 5678.	dial-984	['send_message', 'ACTION_IMAGE_CAPTURE', 'dial', 'get_contact_info_from_uri', 'ACTION_VIDEO_CAPTURE']
[]	What's the phone number of the contact at contact://john_doe?	{'plan': 'get_contact_info', 'arguments': {'contact_uri': 'contact://john_doe', 'info_type': 'phone'}}	Okay, the phone number for John Doe is 555-123-4567.	get_contact_info-998	['get_contact_info', 'ACTION_INSERT_CONTACT', 'get_contact_info_from_uri', 'ACTION_GET_RINGTONE', 'INTENT_ACTION_VIDEO_CAMERA']
[]	Please fetch the address details from contact://randy_location.	{'plan': 'get_contact_info', 'arguments': {'contact_uri': 'contact://randy_location', 'info_type': 'address'}}	Randy's address is 123 Highland Ave, Anytown, CA 91234.	get_contact_info-1041	['ACTION_IMAGE_CAPTURE', 'search_location', 'ACTION_VIDEO_CAPTURE', 'get_contact_info', 'ACTION_GET_CONTENT']
[]	What contact information does contact://wendy_summary have?	{'plan': 'get_contact_info', 'arguments': {'contact_uri': 'contact://wendy_summary'}}	Okay, here's Wendy's contact info: Name: Wendy Williams, Phone: 333-222-1111, Email: wendy@work.com.	get_contact_info-1044	['ACTION_VIEW_CONTACT', 'get_contact_info', 'ACTION_VIDEO_CAPTURE', 'get_contact_info_from_uri', 'web_search']
[]	Get the contact summary from this URI: contact://emma_summary.	{'plan': 'get_contact_info', 'arguments': {'contact_uri': 'contact://emma_summary'}}	Here's the summary for Emma Summary: Name - Emma Summary, Phone - (123) 456-7890.	get_contact_info-1005	['get_contact_info', 'ACTION_OPEN_DOCUMENT', 'INTENT_ACTION_STILL_IMAGE_CAMERA', 'search_location', 'ACTION_SET_TIMER']
[]	I'm looking for address details at contact://doris_residence.	{'plan': 'get_contact_info', 'arguments': {'contact_uri': 'contact://doris_residence', 'info_type': 'address'}}	Sure, looking up the address for contact://doris_residence.	get_contact_info-1051	['get_contact_info', 'ACTION_VIEW_CONTACT', 'send_message', 'ACTION_GET_RINGTONE', 'ACTION_GET_CONTENT']
[]	Show me the home address for contact://barry_address.	{'plan': 'get_contact_info', 'arguments': {'contact_uri': 'contact://barry_address', 'info_type': 'address'}}	Okay, Barry's address is 456 Central Ave, Metropolis.	get_contact_info-1032	['ACTION_VIEW_CONTACT', 'ACTION_VIDEO_CAPTURE', 'INTENT_ACTION_STILL_IMAGE_CAMERA', 'get_contact_info', 'ACTION_INSERT_EVENT']
[]	I need the email address associated with contact://yvonne_mail.	{'plan': 'get_contact_info', 'arguments': {'contact_uri': 'contact://yvonne_mail', 'info_type': 'email'}}	Yvonne's email address is yvonne@anymail.com.	get_contact_info-1046	['open_settings', 'ACTION_CREATE_DOCUMENT', 'get_contact_info', 'ACTION_EDIT_CONTACT', 'search_location']
[]	Could you retrieve the full contact summary for contact://dave123?	{'plan': 'get_contact_info', 'arguments': {'contact_uri': 'contact://dave123'}}	I'm getting the complete summary for Dave123.	get_contact_info-1015	['web_search', 'get_contact_info', 'INTENT_ACTION_STILL_IMAGE_CAMERA', 'ACTION_IMAGE_CAPTURE', 'search_location']
[]	I would like to view the contact overview at contact://patricia.	{'plan': 'get_contact_info', 'arguments': {'contact_uri': 'contact://patricia'}}	Here's the contact overview for Patricia: Name: Patricia Johnson, Phone: 555-987-6543, Email: patricia.j@example.com.	get_contact_info-1039	['send_message', 'ACTION_SHOW_ALARMS', 'ACTION_OPEN_DOCUMENT', 'get_contact_info', 'send_email']
[]	Provide the complete contact details for contact://mike_record.	{'plan': 'get_contact_info', 'arguments': {'contact_uri': 'contact://mike_record'}}	Okay, here are Mike's details: Phone: 555-987-6543, Email: mike@example.com, Address: 123 Main Street.	get_contact_info-1019	['send_message', 'ACTION_IMAGE_CAPTURE', 'send_email', 'search_location', 'get_contact_info']
[]	Fetch the number from content://contacts/phone/555-0001 for my records.	{'plan': 'get_contact_info_from_uri', 'arguments': {'data_uri': 'content://contacts/phone/555-0001'}}	Fetching the number from content://contacts/phone/555-0001.	get_contact_info_from_uri-1060	['get_contact_info_from_uri', 'search_location', 'ACTION_IMAGE_CAPTURE', 'ACTION_SHOW_ALARMS', 'send_email']
[]	Using URI content://directory/phone/work_202, fetch the associated phone number.	{'plan': 'get_contact_info_from_uri', 'arguments': {'data_uri': 'content://directory/phone/work_202'}}	Alright, I'm getting the phone number from content://directory/phone/work_202.	get_contact_info_from_uri-1071	['send_email', 'ACTION_VIDEO_CAPTURE', 'INTENT_ACTION_VIDEO_CAMERA', 'get_contact_info_from_uri', 'ACTION_IMAGE_CAPTURE']
[]	I require the email contact info stored at content://info/contact/email_bob@gmail.com.	{'plan': 'get_contact_info_from_uri', 'arguments': {'data_uri': 'content://info/contact/email_bob@gmail.com'}}	Fetching the email at content://info/contact/email_bob@gmail.com.	get_contact_info_from_uri-1080	['get_contact_info_from_uri', 'ACTION_EDIT_CONTACT', 'ACTION_IMAGE_CAPTURE', 'ACTION_CREATE_DOCUMENT', 'send_email']
[]	I have a phonebook entry located at content://phonebook/entry/321. Can you extract the info?	{'plan': 'get_contact_info_from_uri', 'arguments': {'data_uri': 'content://phonebook/entry/321'}}	Okay, I'll retrieve the information from content://phonebook/entry/321.	get_contact_info_from_uri-1063	['ACTION_SHOW_ALARMS', 'ACTION_EDIT_CONTACT', 'ACTION_VIEW_CONTACT', 'search_location', 'get_contact_info_from_uri']
[]	Could you get the email address via content://mailinglist/email/primary_alice?	{'plan': 'get_contact_info_from_uri', 'arguments': {'data_uri': 'content://mailinglist/email/primary_alice'}}	Let me get that email address for you from content://mailinglist/email/primary_alice.	get_contact_info_from_uri-1082	['dial', 'ACTION_INSERT_CONTACT', 'send_message', 'get_contact_info_from_uri', 'ACTION_PICK']
[]	I'm trying to get a contact's phone number using the content URI content://contacts/data/phone1. Can you fetch it for me?	{'plan': 'get_contact_info_from_uri', 'arguments': {'data_uri': 'content://contacts/data/phone1'}}	Okay, fetching the contact information from content://contacts/data/phone1.	get_contact_info_from_uri-1053	['get_contact_info', 'INTENT_ACTION_VIDEO_CAMERA', 'get_contact_info_from_uri', 'send_message', 'ACTION_SHOW_ALARMS']
[]	Turn the URI content://data/contact/phone/zephyr_007 into a readable phone number.	{'plan': 'get_contact_info_from_uri', 'arguments': {'data_uri': 'content://data/contact/phone/zephyr_007'}}	Processing the URI to get the phone number.	get_contact_info_from_uri-1099	['ACTION_SET_ALARM', 'ACTION_GET_CONTENT', 'ACTION_VIDEO_CAPTURE', 'get_contact_info_from_uri', 'INTENT_ACTION_STILL_IMAGE_CAMERA']
[]	Please extract the phone contact from content://user/contacts/number/mcFly_88.	{'plan': 'get_contact_info_from_uri', 'arguments': {'data_uri': 'content://user/contacts/number/mcFly_88'}}	No problem, fetching the contact's phone number now.	get_contact_info_from_uri-1101	['ACTION_INSERT_EVENT', 'ACTION_GET_RINGTONE', 'INTENT_ACTION_VIDEO_CAMERA', 'send_email', 'get_contact_info_from_uri']
[]	I need to extract contact details from content://contactlist/email/jack@example.com. Please retrieve it.	{'plan': 'get_contact_info_from_uri', 'arguments': {'data_uri': 'content://contactlist/email/jack@example.com'}}	Okay, I'll get the contact info from content://contactlist/email/jack@example.com.	get_contact_info_from_uri-1069	['get_contact_info_from_uri', 'ACTION_SHOW_ALARMS', 'ACTION_VIEW_CONTACT', 'ACTION_SET_TIMER', 'send_message']
[]	Get me the phone contact from content://contacts/devices/line/home987.	{'plan': 'get_contact_info_from_uri', 'arguments': {'data_uri': 'content://contacts/devices/line/home987'}}	Sure, I'm on it. Getting the phone contact from content://contacts/devices/line/home987.	get_contact_info_from_uri-1085	['search_location', 'ACTION_OPEN_DOCUMENT', 'get_contact_info_from_uri', 'ACTION_VIEW_CONTACT', 'web_search']
[]	I require access to the input method settings to adjust my keyboard layout.	{'plan': 'open_settings', 'arguments': {'setting_type': 'input_method'}}	Opening input method settings now.	open_settings-1156	['ACTION_GET_RINGTONE', 'INTENT_ACTION_STILL_IMAGE_CAMERA', 'ACTION_IMAGE_CAPTURE', 'ACTION_PICK', 'open_settings']
[]	Bring up the input method settings on the device.	{'plan': 'open_settings', 'arguments': {'setting_type': 'input_method'}}	OK, opening input method settings.	open_settings-1119	['send_email', 'ACTION_CREATE_DOCUMENT', 'INTENT_ACTION_VIDEO_CAMERA', 'open_settings', 'ACTION_SET_TIMER']
[]	Let me check my Bluetooth options on this device.	{'plan': 'open_settings', 'arguments': {'setting_type': 'bluetooth'}}	Sure, opening Bluetooth settings for you.	open_settings-1140	['open_settings', 'get_contact_info', 'ACTION_PICK', 'ACTION_SET_ALARM', 'get_contact_info_from_uri']
[]	I need to change my APN settings.	{'plan': 'open_settings', 'arguments': {'setting_type': 'apn'}}	No problem, opening APN settings.	open_settings-1114	['INTENT_ACTION_STILL_IMAGE_CAMERA', 'send_email', 'get_contact_info', 'send_message', 'open_settings']
[]	Bring up the memory card settings to see its current configuration.	{'plan': 'open_settings', 'arguments': {'setting_type': 'memory_card'}}	Navigating to memory card settings now.	open_settings-1148	['ACTION_SET_TIMER', 'send_email', 'open_settings', 'INTENT_ACTION_STILL_IMAGE_CAMERA', 'ACTION_GET_CONTENT']
[]	I would like to adjust my date and time settings.	{'plan': 'open_settings', 'arguments': {'setting_type': 'date'}}	Opening date and time settings...	open_settings-1127	['open_settings', 'INTENT_ACTION_STILL_IMAGE_CAMERA', 'ACTION_EDIT_CONTACT', 'send_email', 'dial']
[]	Let's open the display settings panel.	{'plan': 'open_settings', 'arguments': {'setting_type': 'display'}}	Display settings are now open for you.	open_settings-1157	['open_settings', 'ACTION_INSERT_EVENT', 'ACTION_INSERT_CONTACT', 'send_message', 'INTENT_ACTION_VIDEO_CAMERA']
[]	I need to access my location settings to adjust geo-location services.	{'plan': 'open_settings', 'arguments': {'setting_type': 'location'}}	Navigating to location settings now.	open_settings-1159	['open_settings', 'INTENT_ACTION_STILL_IMAGE_CAMERA', 'ACTION_CREATE_DOCUMENT', 'ACTION_IMAGE_CAPTURE', 'ACTION_EDIT_CONTACT']
[]	Show me the controls for location services.	{'plan': 'open_settings', 'arguments': {'setting_type': 'location'}}	Here are the location settings.	open_settings-1146	['ACTION_CREATE_DOCUMENT', 'ACTION_GET_CONTENT', 'send_message', 'ACTION_INSERT_EVENT', 'open_settings']
[]	Let's adjust the language & input settings on my phone.	{'plan': 'open_settings', 'arguments': {'setting_type': 'locale'}}	Navigating to language and input settings.	open_settings-1120	['get_contact_info', 'open_settings', 'ACTION_CREATE_DOCUMENT', 'ACTION_VIEW_CONTACT', 'ACTION_GET_RINGTONE']
[]	Search for the Golden Gate Bridge.	{'plan': 'search_location', 'arguments': {'query': 'Golden Gate Bridge'}}	Searching for the Golden Gate Bridge.	search_location-1171	['search_location', 'open_settings', 'get_contact_info', 'ACTION_VIEW_CONTACT', 'send_message']
[]	Locate the Lincoln Memorial in Washington, D.C. for me.	{'plan': 'search_location', 'arguments': {'query': 'Lincoln Memorial, Washington, D.C.'}}	Alright, locating the Lincoln Memorial in Washington, D.C.	search_location-1185	['web_search', 'INTENT_ACTION_VIDEO_CAMERA', 'open_settings', 'ACTION_SHOW_ALARMS', 'search_location']
[]	Please locate the Little Mermaid statue in Copenhagen.	{'plan': 'search_location', 'arguments': {'query': 'Little Mermaid, Copenhagen'}}	Searching for the Little Mermaid statue in Copenhagen now.	search_location-1210	['search_location', 'get_contact_info', 'web_search', 'ACTION_GET_CONTENT', 'ACTION_OPEN_DOCUMENT']
[]	I want to find out where the Pyramids of Giza are located. Please look it up.	{'plan': 'search_location', 'arguments': {'query': 'Pyramids of Giza'}}	Okay, I'm now searching for the location of the Pyramids of Giza.	search_location-1172	['ACTION_VIDEO_CAPTURE', 'ACTION_GET_CONTENT', 'ACTION_GET_RINGTONE', 'search_location', 'ACTION_PICK']
[]	Search for the University of Oxford on the map.	{'plan': 'search_location', 'arguments': {'query': 'University of Oxford'}}	Alright, pinpointing the University of Oxford on the map.	search_location-1196	['ACTION_GET_CONTENT', 'search_location', 'ACTION_PICK', 'open_settings', 'ACTION_GET_RINGTONE']
[]	I want to find the geographic position of the Acropolis in Athens. Can you search it?	{'plan': 'search_location', 'arguments': {'query': 'Acropolis, Athens'}}	Yes, I can. Searching for the Acropolis in Athens.	search_location-1211	['INTENT_ACTION_VIDEO_CAMERA', 'web_search', 'search_location', 'ACTION_SET_ALARM', 'open_settings']
[]	I'm looking for the location of the Metro Center station in Washington, D.C. Please search it.	{'plan': 'search_location', 'arguments': {'query': 'Metro Center station, Washington, D.C.'}}	Searching for the Metro Center station in Washington, D.C...	search_location-1195	['ACTION_INSERT_EVENT', 'ACTION_IMAGE_CAPTURE', 'search_location', 'web_search', 'ACTION_SET_TIMER']
[]	Could you search for 221B Baker Street?	{'plan': 'search_location', 'arguments': {'query': '221B Baker Street'}}	Okay, searching for 221B Baker Street now.	search_location-1162	['dial', 'ACTION_VIEW_CONTACT', 'search_location', 'ACTION_VIDEO_CAPTURE', 'web_search']
[]	Can you locate the Space Needle in Seattle?	{'plan': 'search_location', 'arguments': {'query': 'Space Needle, Seattle'}}	Yes, I can locate the Space Needle in Seattle for you.	search_location-1200	['ACTION_SHOW_ALARMS', 'INTENT_ACTION_STILL_IMAGE_CAMERA', 'ACTION_INSERT_EVENT', 'send_email', 'search_location']
[]	Identify the location of Red Square in Moscow.	{'plan': 'search_location', 'arguments': {'query': 'Red Square, Moscow'}}	Okay, I'm searching for Red Square in Moscow.	search_location-1182	['search_location', 'ACTION_GET_CONTENT', 'ACTION_INSERT_EVENT', 'ACTION_IMAGE_CAPTURE', 'ACTION_EDIT_CONTACT']
[]	Could you send an email to emily@designstudio.com and attach design_sketches.pdf?	{'plan': 'send_email', 'arguments': {'to': 'emily@designstudio.com', 'attachments': ['design_sketches.pdf']}}	Okay, emailing emily@designstudio.com with the attachment design_sketches.pdf.	send_email-1249	['ACTION_INSERT_EVENT', 'ACTION_SHOW_ALARMS', 'send_email', 'INTENT_ACTION_VIDEO_CAMERA', 'ACTION_GET_CONTENT']
[]	Compose a quick email to bob@company.com and mention that I'll call him later.	"{'plan': 'send_email', 'arguments': {'to': 'bob@company.com', 'body': ""I'll call him later.""}}"	Sure, I've drafted an email to bob@company.com saying 'I'll call him later'. Go ahead and send it?	send_email-1219	['get_contact_info', 'ACTION_VIEW_CONTACT', 'send_email', 'ACTION_GET_CONTENT', 'dial']
[]	Prepare an email for helen@school.edu to send her assignment submission, and attach image1.png and image2.png to it.	{'plan': 'send_email', 'arguments': {'to': 'helen@school.edu', 'attachments': ['image1.png', 'image2.png']}}	Email to helen@school.edu with attachments image1.png and image2.png is ready. Send it now?	send_email-1225	['send_email', 'ACTION_SHOW_ALARMS', 'dial', 'ACTION_VIDEO_CAPTURE', 'get_contact_info']
[]	Can you prepare an email for support@service.net with the subject 'Issue Report' stating that the issue persists?	{'plan': 'send_email', 'arguments': {'to': 'support@service.net', 'subject': 'Issue Report', 'body': 'The issue persists'}}	Creating an email to support@service.net with the subject 'Issue Report' and the message 'The issue persists'.	send_email-1241	['send_message', 'ACTION_INSERT_CONTACT', 'send_email', 'ACTION_PICK', 'ACTION_GET_RINGTONE']
[]	I need to notify sarah@marketing.biz: subject 'Campaign Update' with message 'The latest campaign metrics are attached'.	{'plan': 'send_email', 'arguments': {'to': 'sarah@marketing.biz', 'subject': 'Campaign Update', 'body': 'The latest campaign metrics are attached'}}	Okay, sending an email to sarah@marketing.biz with the subject 'Campaign Update' and the message 'The latest campaign metrics are attached'.	send_email-1237	['ACTION_PICK', 'get_contact_info', 'ACTION_GET_CONTENT', 'send_email', 'ACTION_CREATE_DOCUMENT']
[]	Send an email to jessica@works.com to thank her for her assistance.	{'plan': 'send_email', 'arguments': {'to': 'jessica@works.com', 'body': 'Thank you for your assistance'}}	Email sent to jessica@works.com to thank her for her assistance.	send_email-1233	['ACTION_VIEW_CONTACT', 'send_message', 'INTENT_ACTION_STILL_IMAGE_CAMERA', 'send_email', 'get_contact_info']
[]	Send an email to dave@workplace.org saying that the document is attached.	{'plan': 'send_email', 'arguments': {'to': 'dave@workplace.org', 'body': 'the document is attached'}}	Alright, I've composed an email to dave@workplace.org that says 'the document is attached'. Ready for your approval!	send_email-1221	['ACTION_SET_TIMER', 'send_email', 'ACTION_GET_RINGTONE', 'ACTION_SHOW_ALARMS', 'search_location']
[]	Please prepare an email for charles@startuphub.com with the message 'Looking forward to our meeting tomorrow.'	{'plan': 'send_email', 'arguments': {'to': 'charles@startuphub.com', 'body': 'Looking forward to our meeting tomorrow.'}}	Preparing the email for charles@startuphub.com with the message: Looking forward to our meeting tomorrow.	send_email-1267	['web_search', 'ACTION_EDIT_CONTACT', 'send_email', 'ACTION_CREATE_DOCUMENT', 'ACTION_PICK']
[]	Compose a message for jack@biotech.org that reads 'The experiment results are promising'.	{'plan': 'send_email', 'arguments': {'to': 'jack@biotech.org', 'body': 'The experiment results are promising'}}	Composing and sending the message 'The experiment results are promising' to jack@biotech.org.	send_email-1254	['ACTION_PICK', 'INTENT_ACTION_STILL_IMAGE_CAMERA', 'web_search', 'ACTION_VIDEO_CAPTURE', 'send_email']
[]	I need to fire off an email to frank@random.com to let him know we received his proposal.	{'plan': 'send_email', 'arguments': {'to': 'frank@random.com', 'body': 'we received his proposal'}}	No problem, I've prepared an email to frank@random.com to let him know we received his proposal. Ready to send!	send_email-1223	['get_contact_info', 'ACTION_VIEW_CONTACT', 'send_email', 'get_contact_info_from_uri', 'ACTION_SET_TIMER']
[]	Kindly send a message to Mom that says 'I love you!'.	{'plan': 'send_message', 'arguments': {'to': 'Mom', 'message': 'I love you!'}}	Sending 'I love you!' to Mom.	send_message-1278	['send_message', 'ACTION_IMAGE_CAPTURE', 'ACTION_INSERT_EVENT', 'ACTION_VIDEO_CAPTURE', 'dial']
[]	Please send a quick SMS to center reception +11234567890 saying 'Visitor has arrived' immediately.	{'plan': 'send_message', 'arguments': {'to': '+11234567890', 'message': 'Visitor has arrived'}}	Texted 'Visitor has arrived' to +11234567890.	send_message-1319	['search_location', 'ACTION_VIDEO_CAPTURE', 'send_message', 'ACTION_GET_CONTENT', 'get_contact_info']
[]	Could you SMS my manager Erica saying 'I'll be working remotely today'?	"{'plan': 'send_message', 'arguments': {'to': 'Erica', 'message': ""I'll be working remotely today""}}"	Text dispatched to Erica: I'll be working remotely today.	send_message-1304	['send_message', 'search_location', 'ACTION_VIDEO_CAPTURE', 'ACTION_SET_TIMER', 'INTENT_ACTION_STILL_IMAGE_CAMERA']
[]	Send an SMS to +14155552671 saying 'Happy Birthday!'	{'plan': 'send_message', 'arguments': {'to': '+14155552671', 'message': 'Happy Birthday!'}}	SMS sent to +14155552671 with 'Happy Birthday!'	send_message-1277	['get_contact_info_from_uri', 'ACTION_GET_RINGTONE', 'send_message', 'ACTION_INSERT_CONTACT', 'send_email']
[]	Can you send an SMS to Jenny saying 'I'll pick you up at 7 PM'?	"{'plan': 'send_message', 'arguments': {'to': 'Jenny', 'message': ""I'll pick you up at 7 PM""}}"	Messaging Jenny: 'I'll pick you up at 7 PM'.	send_message-1321	['ACTION_OPEN_DOCUMENT', 'ACTION_SET_TIMER', 'send_message', 'dial', 'ACTION_INSERT_EVENT']
[]	Send a heartwarming SMS to Grandma: 'Love you always'.	{'plan': 'send_message', 'arguments': {'to': 'Grandma', 'message': 'Love you always'}}	A text has been sent to Grandma saying, 'Love you always'.	send_message-1307	['ACTION_PICK', 'send_message', 'ACTION_GET_CONTENT', 'ACTION_CREATE_DOCUMENT', 'ACTION_INSERT_CONTACT']
[]	Send a quick SMS to the service desk at +1002003000 saying 'I need assistance with my account'.	{'plan': 'send_message', 'arguments': {'to': '+1002003000', 'message': 'I need assistance with my account'}}	Message sent to +1002003000: I need assistance with my account.	send_message-1281	['get_contact_info_from_uri', 'send_message', 'ACTION_IMAGE_CAPTURE', 'ACTION_SET_TIMER', 'ACTION_INSERT_EVENT']
[]	Could you text our IT department at +1000999888 to alert them 'Server downtime in progress'?	{'plan': 'send_message', 'arguments': {'to': '+1000999888', 'message': 'Server downtime in progress'}}	Text sent to +1000999888 with the message: Server downtime in progress.	send_message-1323	['ACTION_IMAGE_CAPTURE', 'ACTION_VIEW_CONTACT', 'ACTION_OPEN_DOCUMENT', 'ACTION_GET_CONTENT', 'send_message']
[]	Send a message saying 'Happy Anniversary!' to my spouse, Alex.	{'plan': 'send_message', 'arguments': {'to': 'Alex', 'message': 'Happy Anniversary!'}}	Okay, I've sent 'Happy Anniversary!' to Alex.	send_message-1315	['search_location', 'get_contact_info', 'send_message', 'ACTION_INSERT_EVENT', 'dial']
[]	Send a text notification to Customer Service at +1230984567: 'I need help with my order'.	{'plan': 'send_message', 'arguments': {'to': '+1230984567', 'message': 'I need help with my order'}}	Notification sent to +1230984567 with the message: I need help with my order.	send_message-1303	['ACTION_SHOW_ALARMS', 'ACTION_VIDEO_CAPTURE', 'send_message', 'ACTION_SET_ALARM', 'ACTION_GET_CONTENT']
[]	I'm interested in learning about cutting-edge robotics research. Can you look that up?	{'plan': 'web_search', 'arguments': {'query': 'cutting-edge robotics research'}}	Looking up cutting-edge robotics research now. The search results should cover areas like AI integration, bio-inspired robots and automation technologies.	web_search-1363	['web_search', 'send_email', 'ACTION_OPEN_DOCUMENT', 'ACTION_SET_TIMER', 'open_settings']
[]	I'd like to explore some recent articles on advancements in blockchain technology. Please search for them.	{'plan': 'web_search', 'arguments': {'query': 'recent articles on advancements in blockchain technology'}}	Okay, searching the web for recent articles on advancements in blockchain technology. You should see results covering the latest trends, applications, and research.	web_search-1338	['ACTION_GET_CONTENT', 'ACTION_SHOW_ALARMS', 'web_search', 'ACTION_CREATE_DOCUMENT', 'ACTION_GET_RINGTONE']
[]	I want to see the latest news on climate change. Please perform a web search.	{'plan': 'web_search', 'arguments': {'query': 'latest news on climate change'}}	No problem! Searching the web for 'latest news on climate change'. The search results will give you the most recent reports and updates.	web_search-1344	['ACTION_GET_RINGTONE', 'web_search', 'ACTION_INSERT_EVENT', 'open_settings', 'ACTION_EDIT_CONTACT']
[]	I want to know how to start freelancing online. Please search for guides on this topic.	{'plan': 'web_search', 'arguments': {'query': 'how to start freelancing online'}}	Okay, searching the web for guides on how to start freelancing online. Results include platforms like Upwork, Fiverr, and tips for creating a compelling profile.	web_search-1361	['get_contact_info', 'web_search', 'send_message', 'open_settings', 'ACTION_GET_CONTENT']
[]	Perform a web search for comprehensive guides on personal finance management.	{'plan': 'web_search', 'arguments': {'query': 'comprehensive guides on personal finance management'}}	I'm on it! Searching for comprehensive guides on personal finance management. Initial results highlight budgeting tips, investment strategies, and debt management.	web_search-1366	['ACTION_SET_TIMER', 'ACTION_SET_ALARM', 'ACTION_INSERT_EVENT', 'ACTION_PICK', 'web_search']
[]	I need a list of recipes that are both vegan and gluten-free. Can you search for them?	{'plan': 'web_search', 'arguments': {'query': 'vegan and gluten-free recipes'}}	Okay, searching for vegan and gluten-free recipes. The search results will show diverse culinary options for you.	web_search-1355	['ACTION_SET_ALARM', 'ACTION_SET_TIMER', 'get_contact_info_from_uri', 'web_search', 'open_settings']
[]	I need info on sustainable agriculture practicescan you search the web for it?	{'plan': 'web_search', 'arguments': {'query': 'sustainable agriculture practices'}}	Got it! I'm running a web search for 'sustainable agriculture practices'. The results will likely include methods for environmentally friendly farming and food production.	web_search-1341	['get_contact_info_from_uri', 'ACTION_GET_RINGTONE', 'ACTION_IMAGE_CAPTURE', 'web_search', 'INTENT_ACTION_STILL_IMAGE_CAMERA']
[]	Do a web search for the current trends in wearable fitness technology.	{'plan': 'web_search', 'arguments': {'query': 'current trends in wearable fitness technology'}}	Got it. I'm searching for current trends in wearable fitness technology. Expect results on smartwatches, fitness trackers, and health monitoring systems.	web_search-1362	['ACTION_GET_RINGTONE', 'ACTION_OPEN_DOCUMENT', 'send_message', 'dial', 'web_search']
[]	I am interested in learning about trends in remote education techniques. Please look it up.	{'plan': 'web_search', 'arguments': {'query': 'trends in remote education techniques'}}	Searching for 'trends in remote education techniques'. Expect to see articles on virtual reality, AI tutoring, and personalized learning paths.	web_search-1374	['send_message', 'ACTION_GET_CONTENT', 'INTENT_ACTION_STILL_IMAGE_CAMERA', 'ACTION_VIEW_CONTACT', 'web_search']
[]	I need a search for the best hiking trails in national parks.	{'plan': 'web_search', 'arguments': {'query': 'best hiking trails in national parks'}}	Alright, let me find the 'best hiking trails in national parks' for you. Expect to see trails with varying difficulty and scenic views.	web_search-1372	['ACTION_GET_CONTENT', 'ACTION_INSERT_EVENT', 'web_search', 'ACTION_PICK', 'ACTION_SHOW_ALARMS']
