conversation_history	query	rewrited_query	answer	unique_idx	candidates
"[""turn 1: Open the system's photo camera interface. -> Photo camera interface opened. Ready when you are!""]"	I need to modify the document at content://texts/story; no additional content is required.	I need to modify the document at content://texts/story; no additional content is required.	{'plan': 'ACTION_EDIT_DOCUMENT', 'arguments': {'document_uri': 'content://texts/story'}}	INTENT_ACTION_STILL_IMAGE_CAMERA-862-ACTION_EDIT_DOCUMENT-1_NR	['ACTION_GET_CONTENT', 'ACTION_IMAGE_CAPTURE', 'launch_application', 'ACTION_EDIT_DOCUMENT', 'INTENT_ACTION_STILL_IMAGE_CAMERA']
['turn 1: Timer for 20 seconds, message quick exercise. -> Timer set for 20 seconds: quick exercise.']	Could you open content://reports/monthly to edit it? I want to add 'Update for March' before starting.	Could you open content://reports/monthly to edit content://reports/monthly? I want to add 'Update for March' before starting.	{'plan': 'ACTION_EDIT_DOCUMENT', 'arguments': {'document_uri': 'content://reports/monthly', 'content': 'Update for March'}}	ACTION_SET_TIMER-608-ACTION_EDIT_DOCUMENT-1_NR	['ACTION_EDIT_DOCUMENT', 'ACTION_OPEN_CONTENT', 'ACTION_NAVIGATE_TO_LOCATION', 'dial', 'ACTION_VIEW_SENT_EMAILS']
"[""turn 1: Send an email to info@museum.org inquiring about group tour rates. Subject: 'Group Tour Inquiry'. -> Your inquiry on group tour rates has been emailed to info@museum.org under the subject “Group Tour Inquiry.”""]"	Initiate an alarm at 20:40 with a ringtone from https://example.org/ringtone.mp3.	Initiate an alarm at 20:40 with a ringtone from https://example.org/ringtone.mp3.	{'plan': 'ACTION_SET_ALARM', 'arguments': {'EXTRA_HOUR': 20, 'EXTRA_MINUTES': 40, 'EXTRA_RINGTONE': 'https://example.org/ringtone.mp3'}}	send_email-1240-ACTION_SET_ALARM-1_NR	['ACTION_VIEW_RECENT_APPS', 'get_contact_info', 'ACTION_SET_ALARM', 'search_location', 'ACTION_CREATE_DOCUMENT']
['turn 1: Could you get the technical support extension at content://contacts/888/phone_support_ext? -> Technical support extension: 1-800-555-0123 ext. 789.']	Can you set an alarm for 13:05 labeled 'Lunchtime' and disable vibrations?	Can you set an alarm for 13:05 labeled 'Lunchtime' and disable vibrations?	{'plan': 'ACTION_SET_ALARM', 'arguments': {'EXTRA_HOUR': 13, 'EXTRA_MINUTES': 5, 'EXTRA_MESSAGE': 'Lunchtime', 'EXTRA_VIBRATE': False}}	get_contact_info_from_uri-1062-ACTION_SET_ALARM-1_NR	['ACTION_SET_ALARM', 'ACTION_GET_RINGTONE', 'ACTION_SET_TIMER', 'ACTION_NAVIGATE_TO_LOCATION', 'ACTION_INSERT_EVENT']
"[""turn 1: I want to check my browser history. -> Got it, here's your browser history: Slack (workspace chat); NASA (news & updates); Wikipedia (Quantum Mechanics); Rotten Tomatoes (movie reviews)""]"	Set an alarm at 15:45 for 'Afternoon Workout' that repeats every Monday, Wednesday, and Friday.	Set an alarm at 15:45 for 'Afternoon Workout' that repeats every Monday, Wednesday, and Friday.	{'plan': 'ACTION_SET_ALARM', 'arguments': {'EXTRA_HOUR': 15, 'EXTRA_MINUTES': 45, 'EXTRA_MESSAGE': 'Afternoon Workout', 'EXTRA_DAYS': ['Monday', 'Wednesday', 'Friday']}}	ACTION_VIEW_WEB_HISTORY-2071-ACTION_SET_ALARM-1_NR	['ACTION_VIDEO_CAPTURE', 'play_music', 'open_settings', 'ACTION_VIEW_CONTACT', 'ACTION_SET_ALARM']
['turn 1: Open the ODT document at content://docs/thesis.odt -> Opening document thesis.odt from content://docs/thesis.odt.']	Switch my phone's ringtone over to content://media/fantasy_rhythm.	Switch my phone's ringtone over to content://media/fantasy_rhythm.	{'plan': 'ACTION_SET_RINGTONE', 'arguments': {'ringtone_uri': 'content://media/fantasy_rhythm'}}	ACTION_OPEN_CONTENT-260-ACTION_SET_RINGTONE-1_NR	['ACTION_SET_RINGTONE', 'ACTION_CREATE_DOCUMENT', 'send_email', 'open_settings', 'ACTION_SHOW_ALARMS']
['turn 1: Load event 181. -> Effective Communication training session on July 13 at 11:00\xa0AM in Conference Hall\xa0B.']	Please select content://media/glittering_tone as the ringtone for my device.	Please select content://media/glittering_tone as the ringtone for my device.	{'plan': 'ACTION_SET_RINGTONE', 'arguments': {'ringtone_uri': 'content://media/glittering_tone'}}	ACTION_VIEW_EVENT-1834-ACTION_SET_RINGTONE-1_NR	['ACTION_VIEW_CALL_LOG', 'ACTION_SHOW_TIMERS', 'ACTION_VIEW_CONTACT', 'ACTION_NAVIGATE_TO_LOCATION', 'ACTION_SET_RINGTONE']
['turn 1: Load content://archive/film.mp4 so I can manually adjust it. -> Opening content://archive/film.mp4 in edit mode—feel free to make any adjustments.']	Assign my ringtone as content://media/ethereal_sound.	Assign my ringtone as content://media/ethereal_sound.	{'plan': 'ACTION_SET_RINGTONE', 'arguments': {'ringtone_uri': 'content://media/ethereal_sound'}}	ACTION_EDIT_VIDEO-1725-ACTION_SET_RINGTONE-1_NR	['ACTION_SET_RINGTONE', 'ACTION_VIEW_CONTACT', 'ACTION_NAVIGATE_TO_LOCATION', 'get_contact_info', 'ACTION_PICK']
['turn 1: Start playing music on YouTube Music. -> Getting YouTube Music ready for you.']	Display a summary of my currently running timers.	Display a summary of my currently running timers.	{'plan': 'ACTION_SHOW_TIMERS', 'arguments': {}}	play_music-1360-ACTION_SHOW_TIMERS-1_NR	['ACTION_SET_RINGTONE', 'web_search', 'play_music', 'ACTION_INSERT_EVENT', 'ACTION_SHOW_TIMERS']
['turn 1: I want to cut segment from 0 to 7 seconds in content://kids/cartoon.mp4 -> Your cartoon clip is set to play from 0 to 7 seconds—video loaded with that segment.']	Would it be possible to see which timers are still active?	Would it be possible to see which timers are still active?	{'plan': 'ACTION_SHOW_TIMERS', 'arguments': {}}	ACTION_EDIT_VIDEO-1724-ACTION_SHOW_TIMERS-1_NR	['ACTION_EDIT_DOCUMENT', 'ACTION_VIEW_WEB_HISTORY', 'play_video', 'ACTION_SHOW_TIMERS', 'ACTION_GET_CONTENT']
"[""turn 1: Search for funny Monday memes on the internet. -> Launching search for 'funny Monday memes': You'll find a variety of memes to brighten up your Monday blues.""]"	Show active timers please.	Show active timers please.	{'plan': 'ACTION_SHOW_TIMERS', 'arguments': {}}	web_search-1349-ACTION_SHOW_TIMERS-1_NR	['ACTION_VIEW_SENT_MESSAGES', 'ACTION_SHOW_TIMERS', 'ACTION_VIEW_CALL_LOG', 'play_video', 'ACTION_VIEW_EVENT']
"[""turn 1: Add Rosalind Franklin: email rosie@chemistry.co.uk, note 'Scientist'. -> Rosalind Franklin’s contact entry is now in your list. (content://contacts/people/rosalind_franklin)""]"	I need a list of all timers that are in progress right now.	I need a list of all timers that are in progress right now.	{'plan': 'ACTION_SHOW_TIMERS', 'arguments': {}}	ACTION_INSERT_CONTACT-430-ACTION_SHOW_TIMERS-1_NR	['ACTION_SET_ALARM', 'ACTION_SHOW_TIMERS', 'ACTION_PICK', 'ACTION_EDIT_DOCUMENT', 'ACTION_EDIT_CONTACT']
"[""turn 1: Make sure Rebecca's contact at content://contacts/people/rebecca includes the address 5 Broadway St, her company Broadway Inc, and email rebecca@broadway.com. -> Rebecca’s contact has been enriched with all the details—Address: 5 Broadway St, Company: Broadway Inc, Email: rebecca@broadway.com. (URI: content://contacts/people/rebecca)""]"	What timers are currently counting down on my device?	What timers are currently counting down on my device?	{'plan': 'ACTION_SHOW_TIMERS', 'arguments': {}}	ACTION_EDIT_CONTACT-109-ACTION_SHOW_TIMERS-1_NR	['ACTION_VIDEO_CAPTURE', 'ACTION_SET_ALARM', 'ACTION_VIEW_EVENT', 'ACTION_SHOW_TIMERS', 'ACTION_VIEW_SENT_MESSAGES']
['turn 1: Could you ring Beijing office +86 10 8888 6666? -> Calling the Beijing office at +86 10 8888 6666...']	Can you display the active countdown timers for me?	Can you display the active countdown timers for me?	{'plan': 'ACTION_SHOW_TIMERS', 'arguments': {}}	dial-942-ACTION_SHOW_TIMERS-1_NR	['ACTION_INSERT_EVENT', 'ACTION_SHOW_TIMERS', 'ACTION_OPEN_DOCUMENT', 'ACTION_INSERT_CONTACT', 'INTENT_ACTION_STILL_IMAGE_CAMERA']
['turn 1: Please edit content://workshop/demo.mp4: remove audio and cut off the intro at 5s. -> demo.mp4 loaded—audio removed and intro trimmed up to 5\xa0s. Ready for review.']	Organize an event called 'Board Meeting' in my calendar. It is a strategy and policy review meeting held in the Board Room, starting at 1701000000000 and ending at 1701007200000.	Organize an event called 'Board Meeting' in my calendar. It is a strategy and policy review meeting held in the Board Room, starting at 1701000000000 and ending at 1701007200000.	{'plan': 'ACTION_INSERT_EVENT', 'arguments': {'TITLE': 'Board Meeting', 'DESCRIPTION': 'Strategy and policy review meeting', 'EVENT_LOCATION': 'Board Room', 'BEGIN_TIME': 1701000000000, 'END_TIME': 1701007200000}}	ACTION_EDIT_VIDEO-1723-ACTION_INSERT_EVENT-1_NR	['send_message', 'play_video', 'ACTION_VIEW_SENT_MESSAGES', 'play_music', 'ACTION_INSERT_EVENT']
"[""turn 1: Set up 'Gardening Meetup' June 8, 2024 at 10 AM to 12 PM at Community Garden, details: Planting season prep. -> Gardening Meetup (Planting season prep) scheduled for June\xa08,\xa02024 from 10:00\xa0AM to 12:00\xa0PM at Community Garden. Event URI: content://calendar/event/10""]"	Please arrange a 'Coding Workshop' focused on Python at Tech Hub. The event is scheduled to run from 1700900000000 to 1700907200000.	Please arrange a 'Coding Workshop' focused on Python at Tech Hub. The event is scheduled to run from 1700900000000 to 1700907200000.	{'plan': 'ACTION_INSERT_EVENT', 'arguments': {'TITLE': 'Coding Workshop', 'DESCRIPTION': 'Learning session focused on Python', 'EVENT_LOCATION': 'Tech Hub', 'BEGIN_TIME': 1700900000000, 'END_TIME': 1700907200000}}	ACTION_INSERT_EVENT-485-ACTION_INSERT_EVENT-1_NR	['dial', 'ACTION_INSERT_EVENT', 'ACTION_VIEW_EVENT', 'send_email', 'ACTION_EDIT_VIDEO']
"[""turn 1: Please open 'Focus Flow'. -> Focus Flow: Brainwave; Ambient Concentration; Study Time.""]"	Add an event named 'Dance Class' for a hip-hop session at City Dance Studio. It should start at 1700800000000 and end at 1700805400000.	Add an event named 'Dance Class' for a hip-hop session at City Dance Studio. It should start at 1700800000000 and end at 1700805400000.	{'plan': 'ACTION_INSERT_EVENT', 'arguments': {'TITLE': 'Dance Class', 'DESCRIPTION': 'Hip-hop session', 'EVENT_LOCATION': 'City Dance Studio', 'BEGIN_TIME': 1700800000000, 'END_TIME': 1700805400000}}	ACTION_VIEW_PLAYLIST-2143-ACTION_INSERT_EVENT-1_NR	['ACTION_OPEN_CONTENT', 'ACTION_INSERT_EVENT', 'open_settings', 'ACTION_INSERT_CONTACT', 'ACTION_EDIT_ALARM']
['turn 1: Show my recent web visits. -> Here’s your recent web visits: WhatsApp Web; BBC Sport (live scores); Etsy (handmade crafts); The Verge (tech news)']	Could you please create an event for a 'Client Meeting'? The discussion will be about contract details at Downtown Office from 1700600000000 to 1700603600000.	Could you please create an event for a 'Client Meeting'? The discussion will be about contract details at Downtown Office from 1700600000000 to 1700603600000.	{'plan': 'ACTION_INSERT_EVENT', 'arguments': {'TITLE': 'Client Meeting', 'DESCRIPTION': 'Discussion about contract details', 'EVENT_LOCATION': 'Downtown Office', 'BEGIN_TIME': 1700600000000, 'END_TIME': 1700603600000}}	ACTION_VIEW_WEB_HISTORY-2070-ACTION_INSERT_EVENT-1_NR	['web_search', 'play_music', 'ACTION_IMAGE_CAPTURE', 'ACTION_INSERT_EVENT', 'ACTION_SET_TIMER']
['turn 1: Fetch an AAC audio file. -> Sure thing! Please pick an AAC audio file to open.']	Please add a 'Team Building' event to my calendar. It involves fun activities and brainstorming at the Office Playground, scheduled from 1700500000000 to 1700505400000.	Please add a 'Team Building' event to my calendar. It involves fun activities and brainstorming at the Office Playground, scheduled from 1700500000000 to 1700505400000.	{'plan': 'ACTION_INSERT_EVENT', 'arguments': {'TITLE': 'Team Building', 'DESCRIPTION': 'Fun activities and brainstorming', 'EVENT_LOCATION': 'Office Playground', 'BEGIN_TIME': 1700500000000, 'END_TIME': 1700505400000}}	ACTION_OPEN_DOCUMENT-159-ACTION_INSERT_EVENT-1_NR	['ACTION_INSERT_EVENT', 'ACTION_GET_RINGTONE', 'ACTION_SHOW_TIMERS', 'ACTION_EDIT_CONTACT', 'search_location']
['turn 1: I need to check what apps I opened before. -> Your recent apps include: Chrome; Gmail; Drive; Photos']	I want to book an event called 'Dinner Party' described as a celebration dinner for the team. It will take place at Alex's Restaurant from 1700400000000 to 1700407200000.	I want to book an event called 'Dinner Party' described as a celebration dinner for the team. It will take place at Alex's Restaurant from 1700400000000 to 1700407200000.	"{'plan': 'ACTION_INSERT_EVENT', 'arguments': {'TITLE': 'Dinner Party', 'DESCRIPTION': 'Celebration dinner for the team', 'EVENT_LOCATION': ""Alex's Restaurant"", 'BEGIN_TIME': 1700400000000, 'END_TIME': 1700407200000}}"	ACTION_VIEW_RECENT_APPS-2205-ACTION_INSERT_EVENT-1_NR	['ACTION_OPEN_CONTENT', 'ACTION_SHOW_ALARMS', 'web_search', 'ACTION_NAVIGATE_TO_LOCATION', 'ACTION_INSERT_EVENT']
['turn 1: Open a vector graphic (SVG file). -> Got it. Please select an SVG vector graphic file.']	Kindly set up an event 'Monthly Review' in my calendar. The event is to review monthly targets and has no specified location. Please schedule it from 1700300000000 to 1700303600000.	Kindly set up an event 'Monthly Review' in my calendar. The event is to review monthly targets and has no specified location. Please schedule it from 1700300000000 to 1700303600000.	{'plan': 'ACTION_INSERT_EVENT', 'arguments': {'TITLE': 'Monthly Review', 'DESCRIPTION': 'Review monthly targets', 'BEGIN_TIME': 1700300000000, 'END_TIME': 1700303600000}}	ACTION_OPEN_DOCUMENT-158-ACTION_INSERT_EVENT-1_NR	['INTENT_ACTION_STILL_IMAGE_CAMERA', 'ACTION_INSERT_EVENT', 'send_email', 'send_message', 'ACTION_PICK']
"['turn 1: I\'d like to review my sent text history. -> Sent text history: Alice – ""+1-617-555-0187"" – ""Happy Anniversary!""; Mike – ""+49 152 3456789"" – ""Call me when free.""; Vet – ""+1-512-555-0199"" – ""Appointment on Thursday.""']"	Add a calendar event called 'Lunch with Sarah'. It's a casual lunch meeting with Sarah, scheduled from 1700100000000 to 1700103600000. No location is specified.	Add a calendar event called 'Lunch with Sarah'. It's a casual lunch meeting with Sarah, scheduled from 1700100000000 to 1700103600000. No location is specified.	{'plan': 'ACTION_INSERT_EVENT', 'arguments': {'TITLE': 'Lunch with Sarah', 'DESCRIPTION': 'Casual lunch meeting with Sarah', 'BEGIN_TIME': 1700100000000, 'END_TIME': 1700103600000}}	ACTION_VIEW_SENT_MESSAGES-2006-ACTION_INSERT_EVENT-1_NR	['send_message', 'ACTION_SET_ALARM', 'launch_application', 'ACTION_INSERT_EVENT', 'dial']
['turn 1: Fetch the ringtone picker interface for me. -> Retrieving the ringtone picker interface.']	Please arrange a 'Project Kickoff Meeting' to discuss our new project approach in the Main Conference Room. It should start at 1700000000000 and end at 1700007200000.	Please arrange a 'Project Kickoff Meeting' to discuss our new project approach in the Main Conference Room. It should start at 1700000000000 and end at 1700007200000.	{'plan': 'ACTION_INSERT_EVENT', 'arguments': {'TITLE': 'Project Kickoff Meeting', 'DESCRIPTION': 'Discuss our new project approach', 'EVENT_LOCATION': 'Main Conference Room', 'BEGIN_TIME': 1700000000000, 'END_TIME': 1700007200000}}	ACTION_GET_RINGTONE-313-ACTION_INSERT_EVENT-1_NR	['web_search', 'ACTION_INSERT_EVENT', 'ACTION_PICK', 'ACTION_SHOW_ALARMS', 'ACTION_VIEW_WEB_HISTORY']
"['turn 1: Kindly create an executable named program.exe. -> Got it—creating the executable ""program.exe."" Please pick a folder to save it.']"	Add to my calendar an event named 'Interview Session'. The description is 'Discussing candidate roles'. No location is specified. Please set it from 1701500000000 to 1701505400000.	Add to my calendar an event named 'Interview Session'. The description is 'Discussing candidate roles'. No location is specified. Please set it from 1701500000000 to 1701505400000.	{'plan': 'ACTION_INSERT_EVENT', 'arguments': {'TITLE': 'Interview Session', 'DESCRIPTION': 'Discussing candidate roles', 'BEGIN_TIME': 1701500000000, 'END_TIME': 1701505400000}}	ACTION_CREATE_DOCUMENT-54-ACTION_INSERT_EVENT-1_NR	['ACTION_SET_RINGTONE', 'ACTION_INSERT_EVENT', 'INTENT_ACTION_VIDEO_CAMERA', 'ACTION_INSERT_CONTACT', 'ACTION_OPEN_DOCUMENT']
['turn 1: Update alarm 41 for 11:11, use uri://flag_alert, repeat weekends, vibrate on. -> Alarm 41 is updated to 11:11 with ringtone uri://flag_alert, set for weekends (Saturday & Sunday), vibration on.']	Please schedule an 'Evening Meditation' session, described as a meditation for stress relief. It will take place at Zen Garden, starting at 1701400000000 and ending at 1701403600000.	Please schedule an 'Evening Meditation' session, described as a meditation for stress relief. It will take place at Zen Garden, starting at 1701400000000 and ending at 1701403600000.	{'plan': 'ACTION_INSERT_EVENT', 'arguments': {'TITLE': 'Evening Meditation', 'DESCRIPTION': 'Meditation session for stress relief', 'EVENT_LOCATION': 'Zen Garden', 'BEGIN_TIME': 1701400000000, 'END_TIME': 1701403600000}}	ACTION_EDIT_ALARM-1675-ACTION_INSERT_EVENT-1_NR	['send_email', 'ACTION_VIEW_WEB_HISTORY', 'ACTION_INSERT_EVENT', 'ACTION_VIDEO_CAPTURE', 'ACTION_SHOW_ALARMS']
['turn 1: Open the GZ compressed archive content://archives/backup.tar.gz -> Opening compressed archive backup.tar.gz at content://archives/backup.tar.gz.']	Register an event 'Product Launch Meeting' with the description 'Final preparations for the launch event'. The meeting is at Main Office, and it should run from 1701300000000 to 1701305400000.	Register an event 'Product Launch Meeting' with the description 'Final preparations for the launch event'. The meeting is at Main Office, and it should run from 1701300000000 to 1701305400000.	{'plan': 'ACTION_INSERT_EVENT', 'arguments': {'TITLE': 'Product Launch Meeting', 'DESCRIPTION': 'Final preparations for the launch event', 'EVENT_LOCATION': 'Main Office', 'BEGIN_TIME': 1701300000000, 'END_TIME': 1701305400000}}	ACTION_OPEN_CONTENT-258-ACTION_INSERT_EVENT-1_NR	['web_search', 'ACTION_INSERT_EVENT', 'ACTION_VIEW_RECENT_APPS', 'ACTION_EDIT_DOCUMENT', 'ACTION_VIEW_EVENT']
['turn 1: Open up the alarm tone picker please. -> Opening the alarm tone picker for you now.']	I need a list of my sent text logs with the names of the recipients and some part of the message content.	I need a list of my sent text logs with the names of the recipients and some part of the message content.	{'plan': 'ACTION_VIEW_SENT_MESSAGES', 'arguments': {}}	ACTION_GET_RINGTONE-312-ACTION_VIEW_SENT_MESSAGES-1_NR	['ACTION_INSERT_CONTACT', 'ACTION_VIEW_SENT_MESSAGES', 'ACTION_SET_RINGTONE', 'ACTION_SET_TIMER', 'launch_application']
"['turn 1: Bring up the messages I sent recently with recipients and snippets. -> Here are your recent sends: Tom – ""+1-312-555-0175"" – ""Got the files, thanks.""; Dentist – ""+1-847-555-0182"" – ""Appointment confirmed for Monday.""; Sis – ""+82-10-9876-5432"" – ""Congrats on the new job!""']"	Show me my history for sent texts. I want to see both who received them and a snippet from each message.	Show my history for sent texts. I want to see both who received them and a snippet from each message.	{'plan': 'ACTION_VIEW_SENT_MESSAGES', 'arguments': {}}	ACTION_VIEW_SENT_MESSAGES-2004-ACTION_VIEW_SENT_MESSAGES-1_NR	['ACTION_VIEW_RECENT_APPS', 'ACTION_VIEW_SENT_MESSAGES', 'ACTION_SET_ALARM', 'ACTION_SHOW_TIMERS', 'ACTION_NAVIGATE_TO_LOCATION']
['turn 1: Can you use SMPlayer to play http://videos.net/clip.avi? -> SMPlayer is now playing http://videos.net/clip.avi. Enjoy your clip!']	Dame mi historial de navegación reciente.	Dame mi historial de navegación reciente.	{'plan': 'ACTION_VIEW_WEB_HISTORY', 'arguments': {}}	play_video-1442-ACTION_VIEW_WEB_HISTORY-1_NR	['web_search', 'ACTION_CREATE_DOCUMENT', 'ACTION_VIEW_WEB_HISTORY', 'ACTION_EDIT_ALARM', 'ACTION_EDIT_CONTACT']
['turn 1: Set the address of content://contacts/people/daniel_k to 12 Cherry Lane. -> Opening editor for Daniel K (content://contacts/people/daniel_k) with address pre-filled as 12 Cherry Lane.']	Could you please reveal my browsing log?	Could you please reveal my browsing log?	{'plan': 'ACTION_VIEW_WEB_HISTORY', 'arguments': {}}	ACTION_EDIT_CONTACT-95-ACTION_VIEW_WEB_HISTORY-1_NR	['ACTION_INSERT_EVENT', 'ACTION_SET_TIMER', 'ACTION_EDIT_ALARM', 'ACTION_VIEW_WEB_HISTORY', 'ACTION_EDIT_VIDEO']
"[""turn 1: Launch Tidal and play 'Bad Guy' by Billie Eilish. -> Streaming Bad Guy by Billie Eilish on Tidal.""]"	Show the sites I checked out on the internet recently.	View web browsing history	{'plan': 'ACTION_VIEW_WEB_HISTORY', 'arguments': {}}	play_music-1359-ACTION_VIEW_WEB_HISTORY-1_NR	['ACTION_SHOW_ALARMS', 'ACTION_OPEN_DOCUMENT', 'ACTION_VIEW_WEB_HISTORY', 'ACTION_VIDEO_CAPTURE', 'play_video']
['turn 1: Start navigation to Masjid al-Haram, Mecca. -> Ready to go. navigation is started in a maps application: Masjid al-Haram, Mecca']	I need to see the trace of my online navigation; please show my web history.	I need to see the trace of my online navigation; please show my web history.	{'plan': 'ACTION_VIEW_WEB_HISTORY', 'arguments': {}}	ACTION_NAVIGATE_TO_LOCATION-1784-ACTION_VIEW_WEB_HISTORY-1_NR	['ACTION_EDIT_DOCUMENT', 'ACTION_VIEW_WEB_HISTORY', 'dial', 'ACTION_INSERT_EVENT', 'INTENT_ACTION_VIDEO_CAMERA']
"[""turn 1: What pages have I visited in my browser in the last few days? -> The pages you visited over the past few days are: eBay (search 'vintage camera'); Pinterest (DIY decor); IMDb (movie ratings); Coursera (data science course)""]"	Kindly display the websites I have visited in the past few minutes.	Kindly display eBay, Pinterest (DIY decor), IMDb (movie ratings), and Coursera in the past few minutes.	{'plan': 'ACTION_VIEW_WEB_HISTORY', 'arguments': {}}	ACTION_VIEW_WEB_HISTORY-2069-ACTION_VIEW_WEB_HISTORY-1_NR	['ACTION_VIEW_CALL_LOG', 'ACTION_GET_CONTENT', 'dial', 'ACTION_VIEW_WEB_HISTORY', 'ACTION_SHOW_TIMERS']
"[""turn 1: Recommended vaccination schedule for infants in the US. -> Searching 'recommended vaccination schedule for infants in the US'... Preview: HepB at birth, DTaP & IPV at 2 months, Hib & PCV13 following schedule thereafter.""]"	Could you bring up my recent browsing sessions?	View web browsing history	{'plan': 'ACTION_VIEW_WEB_HISTORY', 'arguments': {}}	web_search-1335-ACTION_VIEW_WEB_HISTORY-1_NR	['ACTION_INSERT_EVENT', 'ACTION_VIEW_PLAYLIST', 'ACTION_VIEW_CONTACT', 'ACTION_VIEW_WEB_HISTORY', 'dial']
['turn 1: Provide me with my recent browsing sessions. -> Here are your recent browsing sessions: Zoom (meeting link); Trello (project board); Google Docs (grocery list); PayPal (transaction history)']	Review my latest internet activity, please. I need to know which websites I just looked at.	Review my latest internet activity, please. I need to know which websites I just looked at.	{'plan': 'ACTION_VIEW_WEB_HISTORY', 'arguments': {}}	ACTION_VIEW_WEB_HISTORY-2068-ACTION_VIEW_WEB_HISTORY-1_NR	['INTENT_ACTION_VIDEO_CAMERA', 'ACTION_VIEW_WEB_HISTORY', 'ACTION_EDIT_VIDEO', 'ACTION_VIEW_SENT_MESSAGES', 'ACTION_PICK']
['turn 1: Add Oprah Winfrey: contact her at oprah@own.com, site www.oprah.com. -> Oprah Winfrey added successfully. URI: content://contacts/people/oprah_winfrey']	Display my browser history so I can see what sites I visited a short while ago.	Display my web browsing history so I can see what sites I visited a short while ago.	{'plan': 'ACTION_VIEW_WEB_HISTORY', 'arguments': {}}	ACTION_INSERT_CONTACT-428-ACTION_VIEW_WEB_HISTORY-1_NR	['ACTION_VIEW_SENT_EMAILS', 'ACTION_CREATE_DOCUMENT', 'INTENT_ACTION_VIDEO_CAMERA', 'ACTION_VIEW_WEB_HISTORY', 'ACTION_VIEW_SENT_MESSAGES']
['turn 1: Fetch the complete profile of contact at content://com.company.contacts/contact/678. -> Complete profile for content://com.company.contacts/contact/678: Michael Johnson, Phone: 212-555-3456, Email: mike.johnson@company.com, Address: 987 Cedar Blvd, New York, NY 10022.']	Please look up information regarding COVID-19 recovery timelines.	Please look up information regarding COVID-19 recovery timelines.	{'plan': 'web_search', 'arguments': {'query': 'COVID-19 recovery timelines'}}	get_contact_info-1017-web_search-1_NR	['web_search', 'ACTION_IMAGE_CAPTURE', 'ACTION_SET_RINGTONE', 'ACTION_OPEN_CONTENT', 'ACTION_SHOW_TIMERS']
['turn 1: Need a video capture, file URI: content://captures/vid_capture.mp4. -> Starting video capture now. Your file will be saved to content://captures/vid_capture.mp4.']	Find recent studies on the advantages of meditation.	Find recent studies on the advantages of meditation.	{'plan': 'web_search', 'arguments': {'query': 'advantages of meditation recent studies'}}	ACTION_VIDEO_CAPTURE-753-web_search-1_NR	['ACTION_VIEW_WEB_HISTORY', 'get_contact_info', 'web_search', 'ACTION_VIEW_SENT_MESSAGES', 'ACTION_VIEW_PLAYLIST']
['turn 1: Open the Security page; I need to set up a passcode. -> Security settings opened successfully—set up your passcode here.']	Search for a list showing the highest-grossing video games.	Search for a list showing the highest-grossing video games.	{'plan': 'web_search', 'arguments': {'query': 'highest-grossing video games list'}}	open_settings-1102-web_search-1_NR	['ACTION_SHOW_TIMERS', 'ACTION_IMAGE_CAPTURE', 'web_search', 'ACTION_EDIT_VIDEO', 'send_email']
['turn 1: Get the street address for content://org.addressbook/entries/456. -> Street address for content://org.addressbook/entries/456: 456 Birch Lane, Gotham City, NJ 07097.']	Look up articles on future renewable energy innovations.	Look up articles on future renewable energy innovations.	{'plan': 'web_search', 'arguments': {'query': 'future renewable energy innovations'}}	get_contact_info-1016-web_search-1_NR	['send_email', 'web_search', 'ACTION_SHOW_TIMERS', 'ACTION_VIEW_SENT_EMAILS', 'ACTION_EDIT_CONTACT']
"[""turn 1: Could you register a 'Team Offsite' on September 27, 2024 from 8:00 AM until 5:00 PM at Mountain Resort, description: Team-building activities. -> Your Team Offsite is scheduled for September\xa027,\xa02024 from 8:00\xa0AM to 5:00\xa0PM at Mountain Resort (Team‑building activities). Event saved: content://calendar/event/8""]"	Can you search for global political events happening this week?	Can you search for global political events happening this week?	{'plan': 'web_search', 'arguments': {'query': 'global political events this week'}}	ACTION_INSERT_EVENT-483-web_search-1_NR	['send_email', 'web_search', 'dial', 'ACTION_OPEN_DOCUMENT', 'ACTION_SET_TIMER']
['turn 1: List the remaining countdowns. -> Remaining countdowns: 5 minutes - Sauce, 8 minutes - Break.']	I'm looking for detailed reports on the impact of social media on society.	I'm looking for detailed reports on the impact of social media on society.	{'plan': 'web_search', 'arguments': {'query': 'impact of social media on society reports'}}	ACTION_SHOW_TIMERS-1886-web_search-1_NR	['ACTION_SET_ALARM', 'ACTION_VIDEO_CAPTURE', 'ACTION_VIEW_CONTACT', 'ACTION_GET_CONTENT', 'web_search']
"[""turn 1: Book 'Photography Class' on October 10, 2024 from 9 AM–12 PM at Downtown Studio. Description: Portrait techniques. -> Photography Class (Portrait techniques) booked for October\xa010,\xa02024, 9:00\xa0AM–12:00\xa0PM at Downtown Studio. Event URI: content://calendar/event/6""]"	Fire up the Calendar so I can review my upcoming events.	Fire up the Calendar so I can review my upcoming events.	{'plan': 'launch_application', 'arguments': {'application_name': 'Calendar'}}	ACTION_INSERT_EVENT-481-launch_application-1_NR	['ACTION_INSERT_CONTACT', 'ACTION_CREATE_DOCUMENT', 'launch_application', 'INTENT_ACTION_VIDEO_CAMERA', 'ACTION_SHOW_ALARMS']
['turn 1: Can you open the ringtone list so I can choose a new tone? -> Absolutely, opening up the ringtone list for you.']	Could you start the Shopping application so I can browse for deals?	Could you start the Shopping application so I can browse for deals?	{'plan': 'launch_application', 'arguments': {'application_name': 'Shopping'}}	ACTION_GET_RINGTONE-310-launch_application-1_NR	['ACTION_NAVIGATE_TO_LOCATION', 'launch_application', 'web_search', 'ACTION_CREATE_DOCUMENT', 'INTENT_ACTION_STILL_IMAGE_CAMERA']
"['turn 1: I want to see the list of SMS I’ve sent out. Show them to me. -> Here\'s what you\'ve sent recently: John – ""+1 (555) 123-4567"" – ""Don\'t forget our lunch tomorrow.""; Sarah – ""+1 (555) 765-4321"" – ""Happy Mother\'s Day!""; Office – ""+1 800-234-5678"" – ""Meeting moved to 3\xa0PM.""']"	Make the Photos app appear; I want to view my gallery.	Make the Photos app appear; I want to view my gallery.	{'plan': 'launch_application', 'arguments': {'application_name': 'Photos'}}	ACTION_VIEW_SENT_MESSAGES-1999-launch_application-1_NR	['ACTION_SHOW_ALARMS', 'ACTION_VIEW_CONTACT', 'launch_application', 'ACTION_NAVIGATE_TO_LOCATION', 'ACTION_GET_RINGTONE']
['turn 1: Make the soft chime in Ringtones folder my ringtone: content://storage/emulated/0/Ringtones/soft_chime.wav -> Soft_chime.wav has been assigned as your new ringtone.']	Please open the Books app so I can read an eBook.	Please open the Books app so I can read an eBook.	{'plan': 'launch_application', 'arguments': {'application_name': 'Books'}}	ACTION_SET_RINGTONE-1612-launch_application-1_NR	['ACTION_IMAGE_CAPTURE', 'ACTION_VIEW_SENT_EMAILS', 'ACTION_OPEN_CONTENT', 'ACTION_NAVIGATE_TO_LOCATION', 'launch_application']
"[""turn 1: I'm in the mood for some tunes on Pandora; launch it please. -> Pandora is up—enjoy the music!""]"	Can you open the Contacts application for me?	Can you open the Contacts application for me?	{'plan': 'launch_application', 'arguments': {'application_name': 'Contacts'}}	play_music-1357-launch_application-1_NR	['launch_application', 'get_contact_info', 'ACTION_VIEW_SENT_EMAILS', 'ACTION_CREATE_DOCUMENT', 'ACTION_OPEN_DOCUMENT']
"[""turn 1: Please put 'System Maintenance' on April 30, 2024 from 11 PM to May 1, 2 AM. Desc: Server upgrades. -> System Maintenance (Server upgrades) scheduled from April\xa030,\xa02024 11:00\xa0PM to May\xa01,\xa02024 2:00\xa0AM. Saved to calendar: content://calendar/event/5""]"	Launch the Notes app as I need to jot down some ideas right away.	Launch the Notes app as I need to jot down some ideas right away.	{'plan': 'launch_application', 'arguments': {'application_name': 'Notes'}}	ACTION_INSERT_EVENT-480-launch_application-1_NR	['ACTION_VIEW_SENT_EMAILS', 'ACTION_VIEW_SENT_MESSAGES', 'launch_application', 'ACTION_EDIT_ALARM', 'ACTION_VIEW_EVENT']
['turn 1: Capture a QR code image and save to content://codes/qr/qr_scan.jpeg -> QR code image captured and saved at content://codes/qr/qr_scan.jpeg.']	Activate the File Manager to browse through my documents.	Activate the File Manager to browse through my documents.	{'plan': 'launch_application', 'arguments': {'application_name': 'File Manager'}}	ACTION_IMAGE_CAPTURE-373-launch_application-1_NR	['launch_application', 'ACTION_VIEW_SENT_EMAILS', 'ACTION_CREATE_DOCUMENT', 'dial', 'ACTION_OPEN_DOCUMENT']
['turn 1: Retrieve the mobile phone number for content://com.example.contacts/345. -> Mobile number for content://com.example.contacts/345 is 415-555-0123.']	Run the Messaging app so I can reply to my friend.	Run the Messaging app so I can reply to my friend.	{'plan': 'launch_application', 'arguments': {'application_name': 'Messaging'}}	get_contact_info-1014-launch_application-1_NR	['ACTION_VIEW_SENT_MESSAGES', 'ACTION_VIEW_RECENT_APPS', 'launch_application', 'ACTION_SET_ALARM', 'ACTION_EDIT_VIDEO']
['turn 1: Capture a quick video snippet to content://snippets/clip.mp4. -> Recording a quick snippet—saving it to content://snippets/clip.mp4.']	Would you kindly open the Clock app? I need to set an alarm.	Would you kindly open the Clock app? I need to set an alarm.	{'plan': 'launch_application', 'arguments': {'application_name': 'Clock'}}	ACTION_VIDEO_CAPTURE-751-launch_application-1_NR	['ACTION_INSERT_EVENT', 'open_settings', 'ACTION_SET_TIMER', 'get_contact_info', 'launch_application']
"['turn 1: Retrieve details of my latest sent text messages. -> Sent messages: Sam – ""Pick up milk and bread""; Office – ""Lunch postponed till 1\xa0PM""; Emma – ""Congrats on the new role!""']"	I want to record a short film; start my camera in video mode.	I want to record a short film; start my camera in video mode.	{'plan': 'INTENT_ACTION_VIDEO_CAMERA', 'arguments': {}}	ACTION_VIEW_SENT_MESSAGES-2051-INTENT_ACTION_VIDEO_CAMERA-1_NR	['ACTION_SET_ALARM', 'launch_application', 'ACTION_PICK', 'ACTION_IMAGE_CAPTURE', 'INTENT_ACTION_VIDEO_CAMERA']
['turn 1: Bring up the log showing both incoming and outgoing calls. -> Here’s your incoming and outgoing calls:\n- Charlie +1-555-0199 (Incoming) - Today 9:30 AM\n- Mom +1-800-123-4567 (Incoming) - Today 6:00 AM\n- John +44-20-7946-0958 (Outgoing) - Today 11:45 AM\n- Bob +1-872-1285 (Outgoing) - Yesterday 1:15 PM']	Open the video recording feature on my smartphone so I can record a clip.	Open the video recording feature on my smartphone so I can record a clip.	{'plan': 'INTENT_ACTION_VIDEO_CAMERA', 'arguments': {}}	ACTION_VIEW_CALL_LOG-1918-INTENT_ACTION_VIDEO_CAMERA-1_NR	['launch_application', 'ACTION_VIEW_CONTACT', 'ACTION_NAVIGATE_TO_LOCATION', 'INTENT_ACTION_VIDEO_CAMERA', 'ACTION_VIEW_SENT_EMAILS']
"[""turn 1: Bring up the list of pages I've been to. -> I’ve got your recent pages: Spotify Web Player; LinkedIn (feed); Hacker News; Gmail (inbox)""]"	Hey, please activate the video recording mode on my device.	Hey, please activate the video recording mode on my device.	{'plan': 'INTENT_ACTION_VIDEO_CAMERA', 'arguments': {}}	ACTION_VIEW_WEB_HISTORY-2065-INTENT_ACTION_VIDEO_CAMERA-1_NR	['ACTION_VIEW_EVENT', 'ACTION_VIEW_WEB_HISTORY', 'get_contact_info', 'ACTION_SET_RINGTONE', 'INTENT_ACTION_VIDEO_CAMERA']
"[""turn 1: Show me a rundown of my recent app usage. -> Here's what you've accessed lately: News; Podcasts; Settings; Calculator""]"	I need to capture a moving scene. Launch the video camera app for me.	I need to capture a moving scene. Launch the video camera app for me.	{'plan': 'INTENT_ACTION_VIDEO_CAMERA', 'arguments': {}}	ACTION_VIEW_RECENT_APPS-2203-INTENT_ACTION_VIDEO_CAMERA-1_NR	['ACTION_VIEW_CONTACT', 'INTENT_ACTION_VIDEO_CAMERA', 'send_email', 'ACTION_IMAGE_CAPTURE', 'ACTION_SET_TIMER']
['turn 1: Expose entry 110. -> Lunch with Sarah is on your calendar for tomorrow at 12:00\xa0PM at Deli Delight.']	Could you please open my phone's video recording application?	Could you please open my phone's video recording application?	{'plan': 'INTENT_ACTION_VIDEO_CAMERA', 'arguments': {}}	ACTION_VIEW_EVENT-1828-INTENT_ACTION_VIDEO_CAMERA-1_NR	['launch_application', 'ACTION_SHOW_TIMERS', 'ACTION_VIEW_CONTACT', 'INTENT_ACTION_VIDEO_CAMERA', 'ACTION_NAVIGATE_TO_LOCATION']
"[""turn 1: Reschedule alarm 37 to 09:09, choose ringtone uri://classic, keep vibrate. -> Got it! Alarm 37 is now set for 09:09 with the 'classic' ringtone (uri://classic) and vibration enabled.""]"	I need to shoot some video footage; please open the video camera function.	I need to shoot some video footage; please open the video camera function.	{'plan': 'INTENT_ACTION_VIDEO_CAMERA', 'arguments': {}}	ACTION_EDIT_ALARM-1671-INTENT_ACTION_VIDEO_CAMERA-1_NR	['ACTION_VIEW_SENT_EMAILS', 'ACTION_EDIT_CONTACT', 'INTENT_ACTION_VIDEO_CAMERA', 'launch_application', 'ACTION_VIEW_PLAYLIST']
['turn 1: Retrieve a single text document for me to edit. -> Sure, pick a text document to edit.']	Launch the app that allows me to record video, please.	Launch the app that allows me to record video, please.	{'plan': 'INTENT_ACTION_VIDEO_CAMERA', 'arguments': {}}	ACTION_GET_CONTENT-201-INTENT_ACTION_VIDEO_CAMERA-1_NR	['ACTION_VIDEO_CAPTURE', 'INTENT_ACTION_VIDEO_CAMERA', 'ACTION_OPEN_CONTENT', 'ACTION_CREATE_DOCUMENT', 'ACTION_IMAGE_CAPTURE']
['turn 1: Launch Microsoft Word, please. -> Microsoft Word is now open and ready for you.']	Please activate the video camera on my device to record a short film.	Please activate the video camera on my device to record a short film.	{'plan': 'INTENT_ACTION_VIDEO_CAMERA', 'arguments': {}}	launch_application-1507-INTENT_ACTION_VIDEO_CAMERA-1_NR	['play_music', 'ACTION_CREATE_DOCUMENT', 'search_location', 'INTENT_ACTION_VIDEO_CAMERA', 'launch_application']
"['turn 1: I need to revise the document located at content://documents/doc/300—please insert the title ""Project Plan"" at the top. -> Sure, editing content://documents/doc/300 and adding the title “Project Plan” at the top.']"	I am about to record an event. Open my phone's video recording application.	I am about to record an event. Open my phone's video recording application.	{'plan': 'INTENT_ACTION_VIDEO_CAMERA', 'arguments': {}}	ACTION_EDIT_DOCUMENT-1516-INTENT_ACTION_VIDEO_CAMERA-1_NR	['ACTION_SET_ALARM', 'ACTION_SHOW_ALARMS', 'ACTION_VIEW_WEB_HISTORY', 'ACTION_SHOW_TIMERS', 'INTENT_ACTION_VIDEO_CAMERA']
['turn 1: Select various file types to include in the package. -> Opening file selector—please pick multiple files of any type.']	Hey, can you switch on the video camera for recording a clip?	Hey, can you switch on the video camera for recording a clip?	{'plan': 'INTENT_ACTION_VIDEO_CAMERA', 'arguments': {}}	ACTION_GET_CONTENT-200-INTENT_ACTION_VIDEO_CAMERA-1_NR	['ACTION_EDIT_VIDEO', 'INTENT_ACTION_VIDEO_CAMERA', 'ACTION_VIEW_CONTACT', 'ACTION_GET_CONTENT', 'ACTION_VIDEO_CAPTURE']
['turn 1: Launch the FLV clip content://videos/tour.flv -> Playing FLV video tour.flv from content://videos/tour.flv.']	Start the video camera app immediately so I can record something.	Start the video camera app immediately so I can record something.	{'plan': 'INTENT_ACTION_VIDEO_CAMERA', 'arguments': {}}	ACTION_OPEN_CONTENT-255-INTENT_ACTION_VIDEO_CAMERA-1_NR	['ACTION_EDIT_VIDEO', 'INTENT_ACTION_VIDEO_CAMERA', 'play_music', 'ACTION_GET_CONTENT', 'send_email']
"[""turn 1: What's the legal drinking age in Germany? -> Searching 'legal drinking age in Germany'... Quick insight: 16 for beer and wine, 18 for spirits and hard liquors.""]"	Please open the video recording app on my device.	Please open the video recording app on my device.	{'plan': 'INTENT_ACTION_VIDEO_CAMERA', 'arguments': {}}	web_search-1331-INTENT_ACTION_VIDEO_CAMERA-1_NR	['INTENT_ACTION_VIDEO_CAMERA', 'ACTION_GET_RINGTONE', 'ACTION_SET_ALARM', 'play_video', 'ACTION_EDIT_VIDEO']
['turn 1: Silence the track for content://news/report.mp4. -> News report video (content://news/report.mp4) is now muted and ready.']	Could you launch my phone's camera in video mode?	Could you launch my phone's camera in video mode?	{'plan': 'INTENT_ACTION_VIDEO_CAMERA', 'arguments': {}}	ACTION_EDIT_VIDEO-1722-INTENT_ACTION_VIDEO_CAMERA-1_NR	['search_location', 'ACTION_EDIT_VIDEO', 'play_video', 'ACTION_INSERT_EVENT', 'INTENT_ACTION_VIDEO_CAMERA']
"[""turn 1: Please present my sent mail records. -> Sent mail records: to steve@example.com - 'New Hire Onboarding'; to tina@example.com - 'Marketing Plan'; to uma@example.com - 'Event Schedule'.""]"	Initiate the video camera function so that I can start recording.	Initiate the video camera function so that I can start recording.	{'plan': 'INTENT_ACTION_VIDEO_CAMERA', 'arguments': {}}	ACTION_VIEW_SENT_EMAILS-1971-INTENT_ACTION_VIDEO_CAMERA-1_NR	['ACTION_EDIT_DOCUMENT', 'ACTION_INSERT_CONTACT', 'get_contact_info', 'INTENT_ACTION_VIDEO_CAMERA', 'ACTION_VIEW_RECENT_APPS']
['turn 1: Please open the settings XML file: content://data/settings.xml (application/xml). -> Displaying settings.xml (application/xml) at content://data/settings.xml.']	Activate the video recording mode on my phone, please.	Activate the video recording mode on my phone, please.	{'plan': 'INTENT_ACTION_VIDEO_CAMERA', 'arguments': {}}	ACTION_OPEN_CONTENT-254-INTENT_ACTION_VIDEO_CAMERA-1_NR	['ACTION_VIDEO_CAPTURE', 'INTENT_ACTION_STILL_IMAGE_CAMERA', 'dial', 'INTENT_ACTION_VIDEO_CAMERA', 'play_music']
['turn 1: I need to pick a custom ringtone from the picker. -> Sure—launching the ringtone picker now.']	Help me extract a phone number from my contact list.	Help me extract a phone number from my contact list.	{'plan': 'ACTION_PICK', 'arguments': {'data_type': 'phone'}}	ACTION_GET_RINGTONE-306-ACTION_PICK-1_NR	['ACTION_VIEW_WEB_HISTORY', 'ACTION_PICK', 'ACTION_VIDEO_CAPTURE', 'ACTION_OPEN_DOCUMENT', 'ACTION_VIEW_PLAYLIST']
['turn 1: Could you launch the Podcast app? -> Podcast app launched. Happy listening!']	Select a contact's postal information, please.	Select a contact's postal information, please.	{'plan': 'ACTION_PICK', 'arguments': {'data_type': 'address'}}	launch_application-1496-ACTION_PICK-1_NR	['ACTION_INSERT_EVENT', 'ACTION_PICK', 'get_contact_info_from_uri', 'send_email', 'ACTION_VIEW_SENT_EMAILS']
['turn 1: Could you lookup Central Park coordinates? -> Central Park coordinates are 40.785091°\xa0N, 73.968285°\xa0W. Marked on your map.']	Could you extract the address detail of a contact for me?	Could you extract the address detail of a contact for me?	{'plan': 'ACTION_PICK', 'arguments': {'data_type': 'address'}}	search_location-1167-ACTION_PICK-1_NR	['ACTION_EDIT_DOCUMENT', 'ACTION_VIEW_SENT_MESSAGES', 'ACTION_VIEW_CALL_LOG', 'ACTION_PICK', 'open_settings']
"[""turn 1: Send to +353 87 654 3210: 'St Patrick's Day parade starts at noon.' -> Your St Patrick's Day parade reminder has been dispatched to +353876543210.""]"	I’d like you to choose a phone number from my contacts.	I’d like you to select a phone number from my contacts.	{'plan': 'ACTION_PICK', 'arguments': {'data_type': 'phone'}}	send_message-1292-ACTION_PICK-1_NR	['INTENT_ACTION_VIDEO_CAMERA', 'ACTION_IMAGE_CAPTURE', 'open_settings', 'ACTION_PICK', 'ACTION_OPEN_CONTENT']
['turn 1: Can you spin up a PDF named AnnualReport2023.pdf for me? -> Your PDF AnnualReport2023.pdf is now available at content://documents/AnnualReport2023.pdf.']	Open my contact list and return an email address.	Open my contact list and return an email address.	{'plan': 'ACTION_PICK', 'arguments': {'data_type': 'email'}}	ACTION_CREATE_DOCUMENT-18-ACTION_PICK-1_NR	['get_contact_info', 'INTENT_ACTION_VIDEO_CAMERA', 'send_email', 'ACTION_PICK', 'play_music']
"[""turn 1: I'd like to see the event at content://calendar/event/848. -> Event 848: Dentist appointment on July 10 at 3:30\xa0PM at Smile Dental Clinic.""]"	Can you please select a person from my contact database?	Can you please select a person from my contact database?	{'plan': 'ACTION_PICK', 'arguments': {}}	ACTION_VIEW_EVENT-1826-ACTION_PICK-1_NR	['ACTION_INSERT_CONTACT', 'ACTION_PICK', 'ACTION_OPEN_CONTENT', 'open_settings', 'ACTION_VIEW_RECENT_APPS']
"[""turn 1: Can you display the history of recently used applications? -> Here's your recent apps: WhatsApp; Instagram; Spotify; Gmail""]"	I need a quick selection of a contact's detail.	I need a quick selection of a contact's detail.	{'plan': 'ACTION_PICK', 'arguments': {}}	ACTION_VIEW_RECENT_APPS-2201-ACTION_PICK-1_NR	['ACTION_VIEW_SENT_EMAILS', 'ACTION_INSERT_CONTACT', 'open_settings', 'ACTION_EDIT_ALARM', 'ACTION_PICK']
['turn 1: Open content://videos/sample.mov for me. -> Opening content://videos/sample.mov in the editor—let me know what tweaks you’d like.']	Pick out an email on my contact list.	Pick out an email on my contact list.	{'plan': 'ACTION_PICK', 'arguments': {'data_type': 'email'}}	ACTION_EDIT_VIDEO-1720-ACTION_PICK-1_NR	['dial', 'ACTION_INSERT_CONTACT', 'ACTION_VIEW_RECENT_APPS', 'ACTION_PICK', 'get_contact_info_from_uri']
['turn 1: Open the contact picker for me so I can choose someone. -> Here’s your contact picker. Tap on a person to continue.']	Retrieve someone's mobile number from my contacts.	Retrieve someone's mobile number from my contacts.	{'plan': 'ACTION_PICK', 'arguments': {'data_type': 'phone'}}	ACTION_PICK-537-ACTION_PICK-1_NR	['ACTION_PICK', 'dial', 'ACTION_VIEW_RECENT_APPS', 'play_video', 'INTENT_ACTION_VIDEO_CAMERA']
['turn 1: Open the Weather application to check the forecast. -> Weather app opened successfully—here’s your forecast.']	Could you pull up an email address from my directory?	Could you pull up an email address from my directory?	{'plan': 'ACTION_PICK', 'arguments': {'data_type': 'email'}}	launch_application-1495-ACTION_PICK-1_NR	['launch_application', 'ACTION_SET_TIMER', 'ACTION_EDIT_DOCUMENT', 'ACTION_PICK', 'get_contact_info_from_uri']
['turn 1: Please begin playing my recodedFile.mp4. -> Now playing file:///storage/emulated/0/recodedFile.mp4. Sit back and enjoy!']	I want you to pick a phone contact detail from my phone book.	I want you to pick a phone contact detail from my phone book.	{'plan': 'ACTION_PICK', 'arguments': {'data_type': 'phone'}}	play_video-1438-ACTION_PICK-1_NR	['ACTION_SET_ALARM', 'ACTION_PICK', 'launch_application', 'ACTION_GET_CONTENT', 'search_location']
"[""turn 1: Can you display contact content://contacts/people/1005? -> Here's the info you requested (content://contacts/people/1005):\nEmma Brown\nPhone: 555-0105\nEmail: emma.brown@example.com""]"	Pick someone for me from my phone's contact list.	Pick someone for me from my phone's contact list.	{'plan': 'ACTION_PICK', 'arguments': {}}	ACTION_VIEW_CONTACT-762-ACTION_PICK-1_NR	['web_search', 'ACTION_SET_TIMER', 'ACTION_SET_ALARM', 'ACTION_PICK', 'send_email']
"[""turn 1: Give me a rundown of today's outgoing and incoming calls. -> Here's a summary of today's incoming and outgoing calls:\n• Incoming - Charlie +1-555-0199 at 9:30 AM\n• Incoming - Mom +1-800-123-4567 at 6:00 AM\n• Outgoing - John +44-20-7946-0958 at 11:45 AM""]"	I need to choose a person's email address from my contacts.	I need to choose a person's email address from my contacts.	{'plan': 'ACTION_PICK', 'arguments': {'data_type': 'email'}}	ACTION_VIEW_CALL_LOG-1914-ACTION_PICK-1_NR	['ACTION_PICK', 'ACTION_SET_TIMER', 'ACTION_GET_RINGTONE', 'ACTION_VIEW_CONTACT', 'ACTION_NAVIGATE_TO_LOCATION']
"[""turn 1: Could you buzz the client at +1 212 555 0148: 'Invoice #12345 is due tomorrow.' -> Sent! 'Invoice #12345 is due tomorrow.' has been delivered to +12125550148.""]"	Select from my saved contacts.	Select from my saved contacts.	{'plan': 'ACTION_PICK', 'arguments': {}}	send_message-1291-ACTION_PICK-1_NR	['open_settings', 'ACTION_PICK', 'web_search', 'search_location', 'INTENT_ACTION_STILL_IMAGE_CAMERA']
['turn 1: What are the alarms set up on my phone? -> Your phone currently has these alarms: [alarm_id: 1 - 6:10 AM, Jogging; alarm_id: 2 - 6:40 AM, Shower; alarm_id: 3 - 7:15 AM, Coffee; alarm_id: 4 - 8:30 AM, Department Meeting]']	I'm looking for someone’s mailing address in my contact list.	I'm looking for someone’s mailing address in my contact list.	{'plan': 'ACTION_PICK', 'arguments': {'data_type': 'address'}}	ACTION_SHOW_ALARMS-698-ACTION_PICK-1_NR	['ACTION_NAVIGATE_TO_LOCATION', 'ACTION_VIDEO_CAPTURE', 'ACTION_PICK', 'ACTION_INSERT_CONTACT', 'ACTION_SHOW_ALARMS']
['turn 1: Fetch any media files for preview. -> Opening file picker—select any files you’d like to preview. You can pick multiple items.']	Show me the social media info at contact://social/facebook/@jane.	Show me the social media info at contact://social/facebook/@jane.	{'plan': 'get_contact_info_from_uri', 'arguments': {'data_uri': 'contact://social/facebook/@jane'}}	ACTION_GET_CONTENT-196-get_contact_info_from_uri-1_NR	['ACTION_VIEW_SENT_MESSAGES', 'get_contact_info_from_uri', 'ACTION_GET_RINGTONE', 'ACTION_CREATE_DOCUMENT', 'ACTION_NAVIGATE_TO_LOCATION']
['turn 1: What is the alternate work email on content://com.android.contacts/contacts/222/data/email_work_alt? -> The alternate work email is j.doe@workexample.com.']	Please fetch contact details using URI contact://info/office.	Please fetch contact details using URI contact://info/office.	{'plan': 'get_contact_info_from_uri', 'arguments': {'data_uri': 'contact://info/office'}}	get_contact_info_from_uri-1056-get_contact_info_from_uri-1_NR	['ACTION_INSERT_EVENT', 'get_contact_info_from_uri', 'ACTION_IMAGE_CAPTURE', 'INTENT_ACTION_STILL_IMAGE_CAMERA', 'ACTION_SHOW_ALARMS']
['turn 1: Open the file content://documents/doc/77 for me. -> On it—opening your file at content://documents/doc/77 now.']	Can you extract email contact details found at contact://email/john.doe@example.com?	Can you extract email contact details found at contact://email/john.doe@example.com?	{'plan': 'get_contact_info_from_uri', 'arguments': {'data_uri': 'contact://email/john.doe@example.com'}}	ACTION_EDIT_DOCUMENT-1515-get_contact_info_from_uri-1_NR	['ACTION_NAVIGATE_TO_LOCATION', 'get_contact_info_from_uri', 'ACTION_EDIT_ALARM', 'send_message', 'ACTION_VIEW_PLAYLIST']
['turn 1: Turn on the photo snapper. -> Ready for your shot!']	Obtain phone data available at contact://phone/1122334455.	Obtain phone data available at contact://phone/1122334455.	{'plan': 'get_contact_info_from_uri', 'arguments': {'data_uri': 'contact://phone/1122334455'}}	INTENT_ACTION_STILL_IMAGE_CAMERA-855-get_contact_info_from_uri-1_NR	['ACTION_EDIT_DOCUMENT', 'get_contact_info_from_uri', 'ACTION_EDIT_VIDEO', 'ACTION_PICK', 'ACTION_VIEW_CONTACT']
['turn 1: Search for the nearest ATM from my location. -> Here’s the nearest ATM: Bank of America ATM at 123 Main St, just 0.3 miles away.']	Retrieve the fax number from the URI contact://fax/001.	Retrieve the fax number from the URI contact://fax/001.	{'plan': 'get_contact_info_from_uri', 'arguments': {'data_uri': 'contact://fax/001'}}	search_location-1165-get_contact_info_from_uri-1_NR	['ACTION_SET_ALARM', 'get_contact_info_from_uri', 'ACTION_VIEW_CONTACT', 'ACTION_VIEW_WEB_HISTORY', 'ACTION_NAVIGATE_TO_LOCATION']
['turn 1: Help me select a contact entry in my device to proceed. -> Okay, here are your contacts. Select the entry you’d like to use.']	Help me pull contact information from: contact://misc/anyinfo. I'm curious!	Help me pull contact information from: contact://misc/anyinfo. I'm curious!	{'plan': 'get_contact_info_from_uri', 'arguments': {'data_uri': 'contact://misc/anyinfo'}}	ACTION_PICK-533-get_contact_info_from_uri-1_NR	['web_search', 'ACTION_IMAGE_CAPTURE', 'ACTION_VIEW_CONTACT', 'ACTION_VIEW_WEB_HISTORY', 'get_contact_info_from_uri']
['turn 1: Bring up contact info for content://contacts/people/1026. -> Contact info loaded:\nName: Noah Taylor\nPhone: (555) 901-2345\nEmail: noah.taylor@example.org\nURI: content://contacts/people/1026']	Extract the phone data from the set content URI: contact://phone/1122334455.	Extract the phone data from the set content URI: contact://phone/1122334455.	{'plan': 'get_contact_info_from_uri', 'arguments': {'data_uri': 'contact://phone/1122334455'}}	ACTION_VIEW_CONTACT-778-get_contact_info_from_uri-1_NR	['ACTION_PICK', 'ACTION_SET_TIMER', 'ACTION_INSERT_CONTACT', 'get_contact_info_from_uri', 'ACTION_GET_CONTENT']
"[""turn 1: Chord chart for Oasis' 'Wonderwall' on guitar. -> Fetching 'Wonderwall' chord chart... Preview: Em7, G, Dsus4, A7sus4 – classic progression for the intro and verses.""]"	I want to see the email info from URI contact://contact/email/support@samsung.com. Can you do that?	I want to see the email info from URI contact://contact/email/support@samsung.com. Can you do that?	{'plan': 'get_contact_info_from_uri', 'arguments': {'data_uri': 'contact://contact/email/support@samsung.com'}}	web_search-1330-get_contact_info_from_uri-1_NR	['open_settings', 'ACTION_GET_CONTENT', 'launch_application', 'ACTION_SET_RINGTONE', 'get_contact_info_from_uri']
['turn 1: Please load content://games/trailer.mp4 and silence it. -> Your game trailer (content://games/trailer.mp4) is loaded and muted—ready for any further edits.']	Using the given URI contact://office/extension-155, retrieve the contact extension number.	Using the given URI contact://office/extension-155, retrieve the contact extension number.	{'plan': 'get_contact_info_from_uri', 'arguments': {'data_uri': 'contact://office/extension-155'}}	ACTION_EDIT_VIDEO-1717-get_contact_info_from_uri-1_NR	['ACTION_EDIT_CONTACT', 'get_contact_info_from_uri', 'ACTION_GET_CONTENT', 'ACTION_VIEW_SENT_MESSAGES', 'ACTION_OPEN_DOCUMENT']
"[""turn 1: I'd like to select the email ID of one of my contacts to verify it. -> Opening your contacts’ email addresses. Please choose the email you want to verify.""]"	Please get the info linked to this URI: 'contact://info/phone_number'.	Please get the info linked to this URI: 'contact://info/phone_number'.	{'plan': 'get_contact_info_from_uri', 'arguments': {'data_uri': 'contact://info/phone_number'}}	ACTION_PICK-532-get_contact_info_from_uri-1_NR	['ACTION_PICK', 'ACTION_VIEW_CALL_LOG', 'INTENT_ACTION_STILL_IMAGE_CAMERA', 'get_contact_info_from_uri', 'play_video']
"[""turn 1: Email support@banking.com and ask 'Could you reset my ATM PIN?' -> Message sent to support@banking.com: “Could you reset my ATM PIN?”""]"	Retrieve the contact information from the resource at 'contact://linkedin/in-john'.	Retrieve the contact information from the resource at 'contact://linkedin/in-john'.	{'plan': 'get_contact_info_from_uri', 'arguments': {'data_uri': 'contact://linkedin/in-john'}}	send_email-1237-get_contact_info_from_uri-1_NR	['ACTION_VIEW_PLAYLIST', 'launch_application', 'get_contact_info_from_uri', 'send_email', 'ACTION_IMAGE_CAPTURE']
['turn 1: I want to change screen brightness; open display settings for me. -> Display settings are up—adjust the brightness to your liking.']	Show me the contact data present at contact://email/jane.doe@example.com.	Show me the contact data present at contact://email/jane.doe@example.com.	{'plan': 'get_contact_info_from_uri', 'arguments': {'data_uri': 'contact://email/jane.doe@example.com'}}	open_settings-1101-get_contact_info_from_uri-1_NR	['ACTION_INSERT_EVENT', 'INTENT_ACTION_VIDEO_CAMERA', 'get_contact_info_from_uri', 'ACTION_VIEW_SENT_EMAILS', 'ACTION_EDIT_CONTACT']
"['turn 1: Could you launch the editor for document URI content://documents/doc/999 and pre-populate it with ""Executive summary goes here""? -> Absolutely—opening content://documents/doc/999 and pre-filling it with ""Executive summary goes here.""']"	Could you fetch the details using content URI 'contact://details/alpha'?	Could you fetch the details using content URI 'contact://details/alpha'?	{'plan': 'get_contact_info_from_uri', 'arguments': {'data_uri': 'contact://details/alpha'}}	ACTION_EDIT_DOCUMENT-1514-get_contact_info_from_uri-1_NR	['get_contact_info_from_uri', 'ACTION_CREATE_DOCUMENT', 'ACTION_GET_RINGTONE', 'INTENT_ACTION_STILL_IMAGE_CAMERA', 'ACTION_PICK']
['turn 1: I want to see where the Burj Khalifa is in Dubai. -> Got it! The Burj Khalifa is at 1 Sheikh Mohammed bin Rashid Blvd, Dubai, UAE. Showing it now.']	Could you look up the contact number using this URI: contact://phone/9876543210?	Could you look up the contact number using this URI: contact://phone/9876543210?	{'plan': 'get_contact_info_from_uri', 'arguments': {'data_uri': 'contact://phone/9876543210'}}	search_location-1164-get_contact_info_from_uri-1_NR	['ACTION_SET_RINGTONE', 'get_contact_info_from_uri', 'ACTION_OPEN_DOCUMENT', 'open_settings', 'ACTION_SHOW_TIMERS']
['turn 1: Map out all active timers. -> All set: 1 minute - Water plants, 7 minutes - Stretch, 15 minutes - Conference call, 2 hours - Movie download.']	Fetch the contact information from the following URI: 'contact://social/twitter/@user'.	Fetch the contact information from the following URI: 'contact://social/twitter/@user'.	{'plan': 'get_contact_info_from_uri', 'arguments': {'data_uri': 'contact://social/twitter/@user'}}	ACTION_SHOW_TIMERS-1885-get_contact_info_from_uri-1_NR	['get_contact_info_from_uri', 'ACTION_VIEW_SENT_MESSAGES', 'launch_application', 'INTENT_ACTION_STILL_IMAGE_CAMERA', 'ACTION_VIEW_WEB_HISTORY']
['turn 1: Make default ringtone ID 200: content://media/external/audio/media/200 -> Your ringtone has been switched to the specified audio (ID 200).']	I am experiencing issues with my internet connection. Can you open the APN settings?	I am experiencing issues with my internet connection. Can you open the APN settings?	{'plan': 'open_settings', 'arguments': {'setting_type': 'apn'}}	ACTION_SET_RINGTONE-1608-open_settings-1_NR	['web_search', 'ACTION_VIEW_EVENT', 'search_location', 'ACTION_OPEN_CONTENT', 'open_settings']
['turn 1: Please open document at content://documents/doc/45 to make some edits. -> Sure thing—opening your document at content://documents/doc/45 now.']	Show me my Wi-Fi settings to check my connection status.	Show me my Wi-Fi settings to check my connection status.	{'plan': 'open_settings', 'arguments': {'setting_type': 'wifi'}}	ACTION_EDIT_DOCUMENT-1512-open_settings-1_NR	['send_message', 'get_contact_info_from_uri', 'open_settings', 'ACTION_VIEW_EVENT', 'ACTION_VIDEO_CAPTURE']
"[""turn 1: Please show me 'Electronic Dance'. -> Here’s your 'Electronic Dance' mix: Titanium; Wake Me Up; Clarity.""]"	I need to activate my airplane mode. Open the airplane mode settings.	I need to activate my airplane mode. Open the airplane mode settings.	{'plan': 'open_settings', 'arguments': {'setting_type': 'airplane_mode'}}	ACTION_VIEW_PLAYLIST-2152-open_settings-1_NR	['ACTION_PICK', 'open_settings', 'ACTION_NAVIGATE_TO_LOCATION', 'INTENT_ACTION_VIDEO_CAMERA', 'send_email']
['turn 1: Make visible my phone call records. -> Phone call records: Bob +1-872-1285 (Missed) - Today 10:25 AM; Charlie +1-650-1234 (Incoming) - Today 9:05 AM; Dave +1-415-987-6543 (Outgoing) - Yesterday 8:50 PM']	Hey, open up the network settings for me. I'm trying to adjust my wireless preferences.	Hey, open up the network settings for me. I'm trying to adjust my wireless preferences.	{'plan': 'open_settings', 'arguments': {'setting_type': 'wireless'}}	ACTION_VIEW_CALL_LOG-1940-open_settings-1_NR	['launch_application', 'open_settings', 'ACTION_VIEW_PLAYLIST', 'ACTION_EDIT_CONTACT', 'ACTION_OPEN_DOCUMENT']
['turn 1: At 1:05 PM, set an alarm for lunch break. -> Got it! Alarm (alarm_no3) set for 1:05 PM: Lunch break.']	Could you please take me to the general settings page?	Could you please take me to the general settings page?	{'plan': 'open_settings', 'arguments': {'setting_type': 'general'}}	ACTION_SET_ALARM-556-open_settings-1_NR	['ACTION_SET_TIMER', 'open_settings', 'play_video', 'ACTION_PICK', 'send_email']
['turn 1: Show me the input method settings. -> Input method settings opened successfully—choose your preferred input method.']	Access general system settings for configuration purposes.	Access general system settings for configuration purposes.	{'plan': 'open_settings', 'arguments': {'setting_type': 'general'}}	open_settings-1100-open_settings-1_NR	['INTENT_ACTION_STILL_IMAGE_CAMERA', 'open_settings', 'play_music', 'ACTION_NAVIGATE_TO_LOCATION', 'ACTION_OPEN_DOCUMENT']
"[""turn 1: Open playlist 'Hipster Indie'. -> Playlist 'Hipster Indie': Dog Days Are Over; Skinny Love; Electric Feel.""]"	I would like to change my language preferences. Could you open the language & input settings?	I would like to change my language preferences. Could you open the language & input settings?	{'plan': 'open_settings', 'arguments': {'setting_type': 'locale'}}	ACTION_VIEW_PLAYLIST-2151-open_settings-1_NR	['ACTION_SET_RINGTONE', 'ACTION_IMAGE_CAPTURE', 'ACTION_VIDEO_CAPTURE', 'send_email', 'open_settings']
['turn 1: Display the 3D model at content://models/ship.obj -> Opening 3D model from content://models/ship.obj. Dive into that ship design now!']	I'm having trouble with my SD card. Open the memory card settings for me.	I'm having trouble with my SD card. Open the memory card settings for me.	{'plan': 'open_settings', 'arguments': {'setting_type': 'memory_card'}}	ACTION_OPEN_CONTENT-275-open_settings-1_NR	['ACTION_VIEW_CALL_LOG', 'open_settings', 'ACTION_SHOW_TIMERS', 'ACTION_SHOW_ALARMS', 'ACTION_VIEW_CONTACT']
['turn 1: Choose several PPT slideshows. -> Got it! Feel free to pick multiple PowerPoint slideshow files (.ppt).']	Access the internal storage settings for my device, please.	Access the internal storage settings for my device, please.	{'plan': 'open_settings', 'arguments': {'setting_type': 'internal_storage'}}	ACTION_OPEN_DOCUMENT-153-open_settings-1_NR	['ACTION_EDIT_CONTACT', 'ACTION_VIEW_CONTACT', 'ACTION_NAVIGATE_TO_LOCATION', 'ACTION_SET_RINGTONE', 'open_settings']
"[""turn 1: Modify alarm 19 for 20:20, message 'Dinner', disable vibration. -> Alarm 19 scheduled for 8:20\xa0PM, labeled 'Dinner', vibration disabled.""]"	Could you help me find the location settings on my phone?	Could you help me find the location settings on my phone?	{'plan': 'open_settings', 'arguments': {'setting_type': 'location'}}	ACTION_EDIT_ALARM-1657-open_settings-1_NR	['ACTION_INSERT_CONTACT', 'ACTION_VIEW_PLAYLIST', 'open_settings', 'ACTION_SHOW_ALARMS', 'ACTION_NAVIGATE_TO_LOCATION']
"[""turn 1: Please schedule 'Web Development Class' on May 5, 2024 from 5 PM to 7 PM at Tech Hub classroom. -> Web Development Class on May\xa05,\xa02024 from 5:00\xa0PM to 7:00\xa0PM at Tech Hub classroom has been added to your calendar. Event URI: content://calendar/event/1""]"	I want to review my device's safety features; please open the security settings.	I want to review my device's safety features; please open the security settings.	{'plan': 'open_settings', 'arguments': {'setting_type': 'security'}}	ACTION_INSERT_EVENT-476-open_settings-1_NR	['INTENT_ACTION_VIDEO_CAMERA', 'ACTION_EDIT_CONTACT', 'ACTION_SHOW_TIMERS', 'open_settings', 'ACTION_SET_RINGTONE']
['turn 1: Bring up missed, answered, and dialed calls. -> Missed, answered, and dialed calls: Yara +1-617-555-0128 (Missed) - Today 3:15 PM; Zach +1-503-555-0136 (Incoming) - Today 7:40 AM; Alice +1-302-3782 (Outgoing) - Yesterday 4:00 PM']	Show me the display settings so I can calibrate my screen brightness.	Show me the display settings so I can calibrate my screen brightness.	{'plan': 'open_settings', 'arguments': {'setting_type': 'display'}}	ACTION_VIEW_CALL_LOG-1939-open_settings-1_NR	['play_video', 'open_settings', 'ACTION_EDIT_DOCUMENT', 'ACTION_VIDEO_CAPTURE', 'search_location']
['turn 1: Select a PowerPoint presentation. -> Okay, please choose a PowerPoint presentation file.']	Can you take me to the input method settings? I need to change my keyboard layout.	Can you take me to the input method settings? I need to change my keyboard layout.	{'plan': 'open_settings', 'arguments': {'setting_type': 'input_method'}}	ACTION_OPEN_DOCUMENT-152-open_settings-1_NR	['ACTION_SET_TIMER', 'ACTION_VIEW_SENT_EMAILS', 'ACTION_SHOW_TIMERS', 'dial', 'open_settings']
['turn 1: Show me where Mount Kilimanjaro stands. -> Mount Kilimanjaro is at 3.0674°\xa0S, 37.3556°\xa0E—displaying it on your map now.']	I need to adjust the clock on my device. Open the date and time settings, please.	I need to adjust the clock on my device. Open the date and time settings, please.	{'plan': 'open_settings', 'arguments': {'setting_type': 'date'}}	search_location-1162-open_settings-1_NR	['open_settings', 'ACTION_SHOW_TIMERS', 'get_contact_info', 'ACTION_SET_RINGTONE', 'ACTION_EDIT_CONTACT']
['turn 1: Navigate to Language & Input so I can add another keyboard layout. -> Language & Input settings are now open so you can add a new keyboard.']	Please open the Bluetooth settings so I can pair my new headphones.	Please open the Bluetooth settings so I can pair my new headphones.	{'plan': 'open_settings', 'arguments': {'setting_type': 'bluetooth'}}	open_settings-1099-open_settings-1_NR	['open_settings', 'ACTION_SHOW_TIMERS', 'ACTION_INSERT_CONTACT', 'ACTION_VIEW_CONTACT', 'search_location']
['turn 1: Trim and mute content://performances/theater.mp4 between 10s and 120s. -> Perfect! I’ve extracted the 10s–2m segment from theater.mp4 and muted the audio. Your edited file is here: content://media/edited_video_004.mp4.']	I want to choose a document that's in PDF format from my files.	I want to choose a document that's in PDF format from my files.	{'plan': 'ACTION_OPEN_DOCUMENT', 'arguments': {'mime_types': ['application/pdf']}}	ACTION_EDIT_VIDEO-1729-ACTION_OPEN_DOCUMENT-1_NR	['open_settings', 'INTENT_ACTION_STILL_IMAGE_CAMERA', 'ACTION_VIEW_WEB_HISTORY', 'get_contact_info_from_uri', 'ACTION_OPEN_DOCUMENT']
['turn 1: Set a twenty-five minute timer without any confirmation dialogues. -> Starting a 25-minute timer now—no prompts needed.']	I need several images; allow me to open multiple image files for persistent access.	I need several images; allow me to open multiple image files for persistent access.	{'plan': 'ACTION_OPEN_DOCUMENT', 'arguments': {'mime_types': ['image/*'], 'allow_multiple': True}}	ACTION_SET_TIMER-652-ACTION_OPEN_DOCUMENT-1_NR	['ACTION_SET_RINGTONE', 'ACTION_OPEN_DOCUMENT', 'ACTION_VIEW_EVENT', 'ACTION_EDIT_ALARM', 'ACTION_GET_CONTENT']
"[""turn 1: I want to choose a single PDF report. -> Here's the report you selected: content://docs/annual_report.pdf""]"	Could you let me pick a single text file from my device?	Could you let me pick a single text file from my device?	{'plan': 'ACTION_OPEN_DOCUMENT', 'arguments': {'mime_types': ['text/plain']}}	ACTION_GET_CONTENT-174-ACTION_OPEN_DOCUMENT-1_NR	['ACTION_OPEN_CONTENT', 'ACTION_EDIT_ALARM', 'get_contact_info_from_uri', 'ACTION_OPEN_DOCUMENT', 'ACTION_VIEW_CALL_LOG']
['turn 1: Please show the apps that were open most recently. -> Apps opened recently: Maps, Messages, YouTube, Chrome.']	Help me open a PDF file I can edit long-term.	Help me open a PDF file I can edit long-term.	{'plan': 'ACTION_OPEN_DOCUMENT', 'arguments': {'mime_types': ['application/pdf']}}	ACTION_VIEW_RECENT_APPS-2213-ACTION_OPEN_DOCUMENT-1_NR	['send_message', 'ACTION_VIEW_EVENT', 'ACTION_OPEN_DOCUMENT', 'ACTION_VIEW_CALL_LOG', 'ACTION_PICK']
['turn 1: Could you launch the MX Player to play this segment: rtsp://example.com/segment.sdp -> MX Player is streaming rtsp://example.com/segment.sdp now. Playback has started.']	From my device, I want to open a single image file for persistent use.	From my device, I want to open a single image file for persistent use.	{'plan': 'ACTION_OPEN_DOCUMENT', 'arguments': {'mime_types': ['image/*']}}	play_video-1437-ACTION_OPEN_DOCUMENT-1_NR	['ACTION_OPEN_DOCUMENT', 'ACTION_SET_ALARM', 'get_contact_info', 'INTENT_ACTION_STILL_IMAGE_CAMERA', 'ACTION_VIEW_SENT_MESSAGES']
"[""turn 1: I'd like to create a new PowerPoint slide deck titled DraftDeck.pptx. -> DraftDeck.pptx is ready! You can find it here: content://documents/DraftDeck.pptx.""]"	Please open documents of type PDF and text. I would like the option to select more than one file.	Please open documents of type PDF and text. I would like the option to select more than one file.	{'plan': 'ACTION_OPEN_DOCUMENT', 'arguments': {'mime_types': ['application/pdf', 'text/plain'], 'allow_multiple': True}}	ACTION_CREATE_DOCUMENT-16-ACTION_OPEN_DOCUMENT-1_NR	['ACTION_VIEW_CONTACT', 'ACTION_PICK', 'ACTION_EDIT_VIDEO', 'ACTION_EDIT_ALARM', 'ACTION_OPEN_DOCUMENT']
['turn 1: Would you mind showing the record located at content://contacts/people/1025? -> Sure, here’s what’s on file:\n• Sophia Wilson\n• 📞 (555) 890-1234\n• 📧 sophia.wilson@example.com\nRecord URI: content://contacts/people/1025']	I need a document viewer to pick a plain text file – please open the file dialog for text documents.	I need a document viewer to pick a plain text file – please open the file dialog for text documents.	{'plan': 'ACTION_OPEN_DOCUMENT', 'arguments': {'mime_types': ['text/plain']}}	ACTION_VIEW_CONTACT-777-ACTION_OPEN_DOCUMENT-1_NR	['open_settings', 'ACTION_OPEN_DOCUMENT', 'web_search', 'ACTION_EDIT_CONTACT', 'ACTION_VIEW_RECENT_APPS']
['turn 1: Launch Bluetooth settings so I can connect to my headset. -> Bluetooth settings are open and ready for you to connect your headset.']	Open the file chooser for image documents, and allow me to pick multiple files if necessary.	Open the file chooser for image documents, and allow me to pick multiple files if necessary.	{'plan': 'ACTION_OPEN_DOCUMENT', 'arguments': {'mime_types': ['image/*'], 'allow_multiple': True}}	open_settings-1097-ACTION_OPEN_DOCUMENT-1_NR	['ACTION_OPEN_DOCUMENT', 'ACTION_VIEW_WEB_HISTORY', 'ACTION_GET_CONTENT', 'ACTION_VIEW_EVENT', 'INTENT_ACTION_STILL_IMAGE_CAMERA']
['turn 1: Could you change the company of contact content://contacts/people/steph to GameWorks and update the address to 50 Arcade Dr? -> Opening the editor for Steph (content://contacts/people/steph) with company GameWorks and address 50 Arcade Dr.']	I want to launch a file picker to select a PDF document from my cloud storage.	I want to launch a file picker to select a PDF document from my cloud storage.	{'plan': 'ACTION_OPEN_DOCUMENT', 'arguments': {'mime_types': ['application/pdf']}}	ACTION_EDIT_CONTACT-91-ACTION_OPEN_DOCUMENT-1_NR	['ACTION_EDIT_VIDEO', 'get_contact_info', 'ACTION_INSERT_EVENT', 'ACTION_SHOW_TIMERS', 'ACTION_OPEN_DOCUMENT']
"[""turn 1: Use the camera app to take photo. -> All set! Your photo's been snapped and saved at content://photos/DCIM/Camera/IMG_5678.jpg.""]"	Find me an external document that is a plain text file.	Find me an external document that is a plain text file.	{'plan': 'ACTION_OPEN_DOCUMENT', 'arguments': {'mime_types': ['text/plain']}}	ACTION_IMAGE_CAPTURE-367-ACTION_OPEN_DOCUMENT-1_NR	['ACTION_OPEN_DOCUMENT', 'send_email', 'ACTION_NAVIGATE_TO_LOCATION', 'ACTION_INSERT_CONTACT', 'INTENT_ACTION_STILL_IMAGE_CAMERA']
['turn 1: Launch the still camera so I can take a shot. -> Still-image camera opened.']	I'm looking for image files to attach to my report. Could you let me choose multiple images?	I'm looking for image files to attach to my report. Could you let me choose multiple images?	{'plan': 'ACTION_OPEN_DOCUMENT', 'arguments': {'mime_types': ['image/*'], 'allow_multiple': True}}	INTENT_ACTION_STILL_IMAGE_CAMERA-854-ACTION_OPEN_DOCUMENT-1_NR	['INTENT_ACTION_STILL_IMAGE_CAMERA', 'ACTION_OPEN_DOCUMENT', 'ACTION_GET_CONTENT', 'dial', 'get_contact_info']
['turn 1: Show me the way to 350 Fifth Avenue, New York, NY. -> 350 Fifth Avenue, New York, NY navigation initiated. Follow the turn-by-turn instructions.']	I need to select documents in both text and PDF formats. I plan to pick more than one file; please enable multiple selections.	I need to select documents in both text and PDF formats. I plan to pick more than one file; please enable multiple selections.	{'plan': 'ACTION_OPEN_DOCUMENT', 'arguments': {'mime_types': ['text/plain', 'application/pdf'], 'allow_multiple': True}}	ACTION_NAVIGATE_TO_LOCATION-1760-ACTION_OPEN_DOCUMENT-1_NR	['ACTION_SHOW_ALARMS', 'launch_application', 'ACTION_OPEN_DOCUMENT', 'ACTION_GET_CONTENT', 'ACTION_EDIT_VIDEO']
"[""turn 1: Bring up the 'Classic Blues' playlist. -> Here’s 'Classic Blues': The Thrill Is Gone; Sweet Home Chicago; Stormy Monday.""]"	Allow me to browse and select a PDF file from my files.	Allow me to browse and select a PDF file from my files.	{'plan': 'ACTION_OPEN_DOCUMENT', 'arguments': {'mime_types': ['application/pdf']}}	ACTION_VIEW_PLAYLIST-2148-ACTION_OPEN_DOCUMENT-1_NR	['ACTION_SET_TIMER', 'ACTION_VIEW_CALL_LOG', 'play_video', 'get_contact_info_from_uri', 'ACTION_OPEN_DOCUMENT']
['turn 1: I want to pull the recent app list. -> Your recent apps list: Camera; Chrome; WhatsApp; Settings.']	Help me open a document that's in PDF format for long-term editing.	Help me open a document that's in PDF format for long-term editing.	{'plan': 'ACTION_OPEN_DOCUMENT', 'arguments': {'mime_types': ['application/pdf']}}	ACTION_VIEW_RECENT_APPS-2212-ACTION_OPEN_DOCUMENT-1_NR	['ACTION_VIDEO_CAPTURE', 'ACTION_OPEN_DOCUMENT', 'search_location', 'ACTION_EDIT_CONTACT', 'ACTION_GET_CONTENT']
"[""turn 1: I want to dispatch an email to contact@vendor.org with subject 'RFQ Submission' and attach file:///rfq.docx and file:///pricing.xlsx. -> RFQ Submission email sent to contact@vendor.org with both RFQ and pricing files attached.""]"	Can you open an image file for me? I'm looking for persistent access to it.	Can you open an image file for me? I'm looking for persistent access to file:///rfq.docx.	{'plan': 'ACTION_OPEN_DOCUMENT', 'arguments': {'mime_types': ['image/*']}}	send_email-1225-ACTION_OPEN_DOCUMENT-1_NR	['ACTION_NAVIGATE_TO_LOCATION', 'INTENT_ACTION_STILL_IMAGE_CAMERA', 'ACTION_OPEN_DOCUMENT', 'dial', 'ACTION_SET_TIMER']
"[""turn 1: Open 'Gym Beats'. -> Playlist 'Gym Beats': Stronger; Eye of the Tiger; Can't Hold Us.""]"	I require a full summary of the contact details from /contacts/adam.	I require a full summary of the contact details from /contacts/adam.	{'plan': 'get_contact_info', 'arguments': {'contact_uri': '/contacts/adam'}}	ACTION_VIEW_PLAYLIST-2147-get_contact_info-1_NR	['play_video', 'get_contact_info', 'ACTION_SHOW_TIMERS', 'ACTION_VIEW_SENT_MESSAGES', 'ACTION_PICK']
"[""turn 1: Kindly email subscribe@newsletter.com with subject 'Please subscribe me' and no body. -> Subscription request sent to subscribe@newsletter.com with the subject 'Please subscribe me'.""]"	Please fetch the email address for the contact located at /profile/john.doe.	Please fetch the email address for the contact located at /profile/john.doe.	{'plan': 'get_contact_info', 'arguments': {'contact_uri': '/profile/john.doe', 'info_type': 'email'}}	send_email-1221-get_contact_info-1_NR	['ACTION_SHOW_ALARMS', 'ACTION_INSERT_CONTACT', 'ACTION_GET_CONTENT', 'get_contact_info', 'ACTION_IMAGE_CAPTURE']
"['turn 1: Add \'Confidential – internal use only\' to content://documents/doc/637. -> Inserted ""Confidential – internal use only"" into document content://documents/doc/637. Ready for your next edits.']"	Can you get the phone number that belongs to /contacts/mary_phone?	Can you get the phone number that belongs to /contacts/mary_phone?	{'plan': 'get_contact_info', 'arguments': {'contact_uri': '/contacts/mary_phone', 'info_type': 'phone'}}	ACTION_EDIT_DOCUMENT-1563-get_contact_info-1_NR	['send_message', 'get_contact_info', 'INTENT_ACTION_VIDEO_CAMERA', 'web_search', 'ACTION_IMAGE_CAPTURE']
"[""turn 1: I need navigation to 500 Terry Francois Blvd, San Francisco, CA. -> I've loaded the route to 500 Terry Francois Blvd, San Francisco, CA. Navigation began.""]"	I need a summary of the contact details for /contacts/bob_jones.	I need a summary of the contact details for /contacts/bob_jones.	{'plan': 'get_contact_info', 'arguments': {'contact_uri': '/contacts/bob_jones'}}	ACTION_NAVIGATE_TO_LOCATION-1757-get_contact_info-1_NR	['ACTION_SET_TIMER', 'ACTION_PICK', 'INTENT_ACTION_STILL_IMAGE_CAMERA', 'get_contact_info', 'send_email']
['turn 1: Please amend content://contacts/people/anthony by updating the email to ant.hony@mail.com. -> Opening editor for Anthony (content://contacts/people/anthony), pre-filling email: ant.hony@mail.com.']	Retrieve the address from the contact record at /user/info/sandra.	Retrieve the address from the contact record at /user/info/sandra.	{'plan': 'get_contact_info', 'arguments': {'contact_uri': '/user/info/sandra', 'info_type': 'address'}}	ACTION_EDIT_CONTACT-90-get_contact_info-1_NR	['get_contact_info', 'play_music', 'ACTION_SET_RINGTONE', 'ACTION_OPEN_CONTENT', 'ACTION_SET_TIMER']
"[""turn 1: Add Ellen Ripley: email ellen@weylandyutani.com and note 'Warrant officer'. -> Ellen Ripley’s contact has been created (Warrant officer). Lookup ID: content://contacts/people/ellen_ripley""]"	What is the contact summary for the URI /directory/contact_456?	What is the contact summary for the URI /directory/contact_456?	{'plan': 'get_contact_info', 'arguments': {'contact_uri': '/directory/contact_456'}}	ACTION_INSERT_CONTACT-424-get_contact_info-1_NR	['ACTION_SET_ALARM', 'ACTION_SET_RINGTONE', 'launch_application', 'get_contact_info', 'ACTION_VIEW_EVENT']
"[""turn 1: Show me what's listed in content://contacts/people/1024. -> Displaying record:\nName: Liam Martin\nPhone: (555) 789-0123\nEmail: liam.martin@example.io\nURI: content://contacts/people/1024""]"	Need to acquire the email address for the contact at /contacts/lily-email.	Need to acquire the email address for the contact at /contacts/lily-email.	{'plan': 'get_contact_info', 'arguments': {'contact_uri': '/contacts/lily-email', 'info_type': 'email'}}	ACTION_VIEW_CONTACT-776-get_contact_info-1_NR	['get_contact_info', 'ACTION_SET_TIMER', 'ACTION_EDIT_ALARM', 'ACTION_VIEW_CONTACT', 'ACTION_OPEN_CONTENT']
['turn 1: Get ready for me to take a picture—start the camera. -> The camera is ready to take a picture.']	Looking up the phone information from contact /contacts/alan_smith. Can you help?	Looking up the phone information from contact /contacts/alan_smith. Can you help?	{'plan': 'get_contact_info', 'arguments': {'contact_uri': '/contacts/alan_smith', 'info_type': 'phone'}}	INTENT_ACTION_STILL_IMAGE_CAMERA-853-get_contact_info-1_NR	['ACTION_CREATE_DOCUMENT', 'get_contact_info', 'ACTION_GET_CONTENT', 'ACTION_VIEW_SENT_MESSAGES', 'search_location']
"[""turn 1: Let me look at my sent email list. -> Your sent folder contains: to gina@example.com - 'Budget Report'; to harry@example.com - 'Weekly Sync'; to iris@example.com - 'Proposal Draft'.""]"	Please get the address details for the contact with URI /contact/info/sara.	Please get the address details for the contact with URI /contact/info/sara.	{'plan': 'get_contact_info', 'arguments': {'contact_uri': '/contact/info/sara', 'info_type': 'address'}}	ACTION_VIEW_SENT_EMAILS-1967-get_contact_info-1_NR	['open_settings', 'get_contact_info_from_uri', 'ACTION_INSERT_CONTACT', 'ACTION_EDIT_CONTACT', 'get_contact_info']
['turn 1: Begin video shoot. -> Recording complete! The video is now available at content://device/videos/video123.mp4.']	Retrieve the full contact summary from /contacts/john_doe.	Retrieve the full contact summary from /contacts/john_doe.	{'plan': 'get_contact_info', 'arguments': {'contact_uri': '/contacts/john_doe'}}	ACTION_VIDEO_CAPTURE-757-get_contact_info-1_NR	['ACTION_VIDEO_CAPTURE', 'get_contact_info', 'ACTION_VIEW_SENT_MESSAGES', 'ACTION_OPEN_DOCUMENT', 'ACTION_VIEW_CALL_LOG']
"[""turn 1: Message my neighbor at +44 7312 345678: 'Could you feed my cat while I'm away?' -> Request sent to your neighbor at +447312345678.""]"	Could you extract the telephone details for the contact at /contact/mark?	Could you extract the telephone details for the contact at /contact/mark?	{'plan': 'get_contact_info', 'arguments': {'contact_uri': '/contact/mark', 'info_type': 'phone'}}	send_message-1287-get_contact_info-1_NR	['ACTION_EDIT_VIDEO', 'ACTION_SHOW_ALARMS', 'get_contact_info', 'ACTION_SET_TIMER', 'ACTION_SHOW_TIMERS']
"[""turn 1: Locate the Amazon River mouth on the map. -> Sure thing! Here's the mouth of the Amazon River pinned at approximately 0°12′S, 49°45′W.""]"	Give me the email information for the contact found at /mycontacts/julia_d.	Give me the email information for the contact found at /mycontacts/julia_d.	{'plan': 'get_contact_info', 'arguments': {'contact_uri': '/mycontacts/julia_d.', 'info_type': 'email'}}	search_location-1161-get_contact_info-1_NR	['ACTION_CREATE_DOCUMENT', 'ACTION_SET_TIMER', 'ACTION_VIEW_CONTACT', 'open_settings', 'get_contact_info']
['turn 1: Could you let me choose a number to call from contacts? -> Certainly—displaying your contact phone numbers. Please select one to call.']	I need a complete summary of the contact details for /contacts/alexander.	I need a complete summary of the contact details for /contacts/alexander.	{'plan': 'get_contact_info', 'arguments': {'contact_uri': '/contacts/alexander'}}	ACTION_PICK-530-get_contact_info-1_NR	['get_contact_info', 'INTENT_ACTION_STILL_IMAGE_CAMERA', 'ACTION_VIEW_CALL_LOG', 'ACTION_GET_CONTENT', 'web_search']
['turn 1: Access ringtone options for my evening alarm. -> Accessing ringtone options for your evening alarm now.']	Please retrieve the address from the contact record at /user/info/hello_world.	Please retrieve the address from the contact record at /user/info/hello_world.	{'plan': 'get_contact_info', 'arguments': {'contact_uri': '/user/info/hello_world', 'info_type': 'address'}}	ACTION_GET_RINGTONE-323-get_contact_info-1_NR	['ACTION_PICK', 'ACTION_SET_ALARM', 'get_contact_info', 'ACTION_INSERT_EVENT', 'ACTION_VIDEO_CAPTURE']
['turn 1: Initiate the still-image shooting camera. -> Photo mode is active.']	Fetch the phone number for the contact at /data/contact_999.	Fetch the phone number for the contact at /data/contact_999.	{'plan': 'get_contact_info', 'arguments': {'contact_uri': '/data/contact_999', 'info_type': 'phone'}}	INTENT_ACTION_STILL_IMAGE_CAMERA-852-get_contact_info-1_NR	['ACTION_GET_CONTENT', 'dial', 'ACTION_OPEN_DOCUMENT', 'ACTION_SET_TIMER', 'get_contact_info']
['turn 1: Head towards Mount Fuji Visitor Center. -> Mount Fuji Visitor Center directions are ready. Let’s hit the road!']	Please bring up the standard camera mode to snap a photo.	Please bring up the standard camera mode to snap a photo.	{'plan': 'INTENT_ACTION_STILL_IMAGE_CAMERA', 'arguments': {}}	ACTION_NAVIGATE_TO_LOCATION-1755-INTENT_ACTION_STILL_IMAGE_CAMERA-1_NR	['ACTION_GET_RINGTONE', 'INTENT_ACTION_STILL_IMAGE_CAMERA', 'ACTION_OPEN_CONTENT', 'ACTION_EDIT_DOCUMENT', 'ACTION_SET_RINGTONE']
"[""turn 1: For alarm 22, change time to 14:55 and use 'uri://beep_beep' tone. -> Done—Alarm 22 will ring at 2:55\xa0PM with your chosen 'uri://beep_beep' tone.""]"	I want to take a photo. Launch my still camera.	I want to take a photo. Launch my still camera.	{'plan': 'INTENT_ACTION_STILL_IMAGE_CAMERA', 'arguments': {}}	ACTION_EDIT_ALARM-1652-INTENT_ACTION_STILL_IMAGE_CAMERA-1_NR	['INTENT_ACTION_VIDEO_CAMERA', 'send_email', 'INTENT_ACTION_STILL_IMAGE_CAMERA', 'ACTION_SHOW_TIMERS', 'ACTION_GET_CONTENT']
"[""turn 1: Open Apple Music and play 'Shape of You'. -> Starting 'Shape of You' on Apple Music for you.""]"	Start photo capture mode on my phone.	Start photo capture mode on my phone.	{'plan': 'INTENT_ACTION_STILL_IMAGE_CAMERA', 'arguments': {}}	play_music-1369-INTENT_ACTION_STILL_IMAGE_CAMERA-1_NR	['ACTION_GET_CONTENT', 'ACTION_VIEW_PLAYLIST', 'get_contact_info_from_uri', 'ACTION_SET_RINGTONE', 'INTENT_ACTION_STILL_IMAGE_CAMERA']
['turn 1: Could you pop up the cam in video mode? -> Video camera launched successfully.']	Launch the still image camera app.	Launch the still image camera app.	{'plan': 'INTENT_ACTION_STILL_IMAGE_CAMERA', 'arguments': {}}	INTENT_ACTION_VIDEO_CAMERA-903-INTENT_ACTION_STILL_IMAGE_CAMERA-1_NR	['INTENT_ACTION_STILL_IMAGE_CAMERA', 'ACTION_VIEW_CALL_LOG', 'ACTION_SET_ALARM', 'ACTION_IMAGE_CAPTURE', 'ACTION_VIEW_EVENT']
"[""turn 1: I'd like to upload any type of file for a quick backup. -> Your file has been selected for backup: content://files/backup_archive.zip""]"	Trigger the device's still image camera app for a photo capture.	Trigger the device's still image camera app for a photo capture.	{'plan': 'INTENT_ACTION_STILL_IMAGE_CAMERA', 'arguments': {}}	ACTION_GET_CONTENT-170-INTENT_ACTION_STILL_IMAGE_CAMERA-1_NR	['ACTION_SHOW_TIMERS', 'send_email', 'INTENT_ACTION_STILL_IMAGE_CAMERA', 'ACTION_VIEW_WEB_HISTORY', 'ACTION_INSERT_CONTACT']
['turn 1: Invoke the video camera software. -> Video camera software is up and running.']	I need to open the camera in photo mode. Please launch the still image camera.	I need to open the camera in photo mode. Please launch the still image camera.	{'plan': 'INTENT_ACTION_STILL_IMAGE_CAMERA', 'arguments': {}}	INTENT_ACTION_VIDEO_CAMERA-902-INTENT_ACTION_STILL_IMAGE_CAMERA-1_NR	['ACTION_VIEW_CALL_LOG', 'ACTION_VIEW_WEB_HISTORY', 'INTENT_ACTION_STILL_IMAGE_CAMERA', 'ACTION_SHOW_TIMERS', 'ACTION_CREATE_DOCUMENT']
"[""turn 1: Switch alarm 12 to 03:30 with ringtone 'uri://morning_call'. -> Got it! Alarm 12 is now set for 3:30\xa0AM using your 'uri://morning_call' ringtone.""]"	Activate the system's still camera so I can quickly snap a photo.	Activate the system's still camera so I can quickly snap a photo.	{'plan': 'INTENT_ACTION_STILL_IMAGE_CAMERA', 'arguments': {}}	ACTION_EDIT_ALARM-1651-INTENT_ACTION_STILL_IMAGE_CAMERA-1_NR	['get_contact_info_from_uri', 'ACTION_INSERT_EVENT', 'get_contact_info', 'INTENT_ACTION_STILL_IMAGE_CAMERA', 'ACTION_SET_ALARM']
['turn 1: Could you load the Excel file content://spreadsheets/plan.xlsx, MIME application/vnd.openxmlformats-officedocument.spreadsheetml.sheet? -> Excel workbook loaded from content://spreadsheets/plan.xlsx.']	Kindly start the still image capture app on my smartphone to take a picture.	Kindly start the still image capture app on my smartphone to take a picture.	{'plan': 'INTENT_ACTION_STILL_IMAGE_CAMERA', 'arguments': {}}	ACTION_OPEN_CONTENT-270-INTENT_ACTION_STILL_IMAGE_CAMERA-1_NR	['dial', 'ACTION_CREATE_DOCUMENT', 'ACTION_OPEN_DOCUMENT', 'INTENT_ACTION_STILL_IMAGE_CAMERA', 'ACTION_VIEW_CALL_LOG']
['turn 1: Show me the contract PDF at content://docs/contract.pdf -> Contract PDF is ready for you at content://docs/contract.pdf.']	I want to shoot a photo; please launch the still mode camera on my phone.	I want to shoot a photo; please launch the still mode camera on my phone.	{'plan': 'INTENT_ACTION_STILL_IMAGE_CAMERA', 'arguments': {}}	ACTION_OPEN_CONTENT-269-INTENT_ACTION_STILL_IMAGE_CAMERA-1_NR	['ACTION_INSERT_CONTACT', 'INTENT_ACTION_STILL_IMAGE_CAMERA', 'ACTION_VIEW_CALL_LOG', 'ACTION_SET_TIMER', 'ACTION_SHOW_TIMERS']
['turn 1: Cut content://tutorials/design.mp4 so that it ends at 2:30. -> All done! design.mp4 now finishes at 2:30. Here’s your trimmed file: content://media/edited_video_002.mp4. Would you like to preview it?']	Turn on the camera app to capture a still image.	Turn on the camera app to capture a still image.	{'plan': 'INTENT_ACTION_STILL_IMAGE_CAMERA', 'arguments': {}}	ACTION_EDIT_VIDEO-1727-INTENT_ACTION_STILL_IMAGE_CAMERA-1_NR	['ACTION_OPEN_DOCUMENT', 'ACTION_EDIT_CONTACT', 'ACTION_VIEW_SENT_EMAILS', 'ACTION_SET_TIMER', 'INTENT_ACTION_STILL_IMAGE_CAMERA']
"[""turn 1: Schedule a study session 'Physics Group' on July 3, 2024 from 6pm to 8pm, location: Science Building room 5. -> Your 'Physics Group' study session is booked for July 3, 2024, 6:00\xa0PM–8:00\xa0PM in Science Building room\xa05. View it at content://calendar/event/1006""]"	Please open the photo camera function on my device so I can take a snapshot.	Please open the photo camera function on my device so I can take a snapshot.	{'plan': 'INTENT_ACTION_STILL_IMAGE_CAMERA', 'arguments': {}}	ACTION_INSERT_EVENT-471-INTENT_ACTION_STILL_IMAGE_CAMERA-1_NR	['ACTION_EDIT_ALARM', 'ACTION_VIEW_WEB_HISTORY', 'INTENT_ACTION_STILL_IMAGE_CAMERA', 'ACTION_INSERT_EVENT', 'ACTION_EDIT_DOCUMENT']
"[""turn 1: Access my 'Indie Discoveries' playlist. -> Playlist 'Indie Discoveries': Tame Impala – The Less I Know The Better; Arctic Monkeys – Do I Wanna Know?; Florence + The Machine – Dog Days Are Over; Vampire Weekend – A-Punk""]"	Get my phone ready for taking a photo by launching its still image camera.	Get my phone ready for taking a photo by launching its still image camera.	{'plan': 'INTENT_ACTION_STILL_IMAGE_CAMERA', 'arguments': {}}	ACTION_VIEW_PLAYLIST-2134-INTENT_ACTION_STILL_IMAGE_CAMERA-1_NR	['ACTION_EDIT_DOCUMENT', 'INTENT_ACTION_VIDEO_CAMERA', 'ACTION_OPEN_CONTENT', 'ACTION_VIEW_EVENT', 'INTENT_ACTION_STILL_IMAGE_CAMERA']
"[""turn 1: Hey, let's fix Natalie Reed's phone and address in content://contacts/people/natalie_r. New phone: 555-0001, address: 123 Oak Lane. -> Got it! Opening the contact editor for Natalie Reed (URI: content://contacts/people/natalie_r) with phone 555-0001 and address 123 Oak Lane.""]"	I'd like to capture a moment; please start the still-image camera.	I'd like to capture a moment; please start the still-image camera.	{'plan': 'INTENT_ACTION_STILL_IMAGE_CAMERA', 'arguments': {}}	ACTION_EDIT_CONTACT-89-INTENT_ACTION_STILL_IMAGE_CAMERA-1_NR	['web_search', 'ACTION_VIEW_CONTACT', 'INTENT_ACTION_STILL_IMAGE_CAMERA', 'ACTION_EDIT_VIDEO', 'dial']
"[""turn 1: Can you fetch all the timers I've set? -> You have 3 timers running: 2 minutes - Tea, 15 minutes - Laundry, 30 minutes - Coding.""]"	Open my camera app in still-image mode, please.	Open my camera app in still-image mode, please.	{'plan': 'INTENT_ACTION_STILL_IMAGE_CAMERA', 'arguments': {}}	ACTION_SHOW_TIMERS-1880-INTENT_ACTION_STILL_IMAGE_CAMERA-1_NR	['ACTION_VIEW_SENT_MESSAGES', 'INTENT_ACTION_STILL_IMAGE_CAMERA', 'play_video', 'ACTION_SET_ALARM', 'web_search']
['turn 1: I want to save a draft web page as DraftPage.html. -> DraftPage.html is ready for you at content://documents/DraftPage.html.']	Could you activate the still photo camera on my phone?	Could you activate the still photo camera on my phone?	{'plan': 'INTENT_ACTION_STILL_IMAGE_CAMERA', 'arguments': {}}	ACTION_CREATE_DOCUMENT-12-INTENT_ACTION_STILL_IMAGE_CAMERA-1_NR	['ACTION_EDIT_VIDEO', 'ACTION_GET_RINGTONE', 'ACTION_CREATE_DOCUMENT', 'ACTION_IMAGE_CAPTURE', 'INTENT_ACTION_STILL_IMAGE_CAMERA']
